"dep_code","nuance","nuance_bloc","genre_candidat-es","candidat-es","qualifiables","premiere_position","elu-es"
"01",ENS,centre,FEMININ,2,1,1,0
"01",ENS,centre,MASCULIN,3,2,0,0
"01",DIV,divers,FEMININ,1,0,0,0
"01",DIV,divers,MASCULIN,3,0,0,0
"01",DVD,droite,MASCULIN,1,0,0,0
"01",LR,droite,FEMININ,1,0,0,0
"01",LR,droite,MASCULIN,4,1,0,0
"01",DSV,extrême-droite,FEMININ,1,0,0,0
"01",DSV,extrême-droite,MASCULIN,2,0,0,0
"01",EXD,extrême-droite,MASCULIN,1,0,0,0
"01",REC,extrême-droite,FEMININ,1,0,0,0
"01",RN,extrême-droite,FEMININ,1,1,0,0
"01",RN,extrême-droite,MASCULIN,3,3,3,0
"01",UXD,extrême-droite,MASCULIN,1,1,1,0
"01",EXG,extrême-gauche,FEMININ,2,0,0,0
"01",EXG,extrême-gauche,MASCULIN,3,0,0,0
"01",ECO,gauche,MASCULIN,1,0,0,0
"01",UG,gauche,FEMININ,2,2,0,0
"01",UG,gauche,MASCULIN,3,3,0,0
"02",ENS,centre,FEMININ,1,1,0,0
"02",ENS,centre,MASCULIN,2,2,0,0
"02",DIV,divers,MASCULIN,1,0,0,0
"02",LR,droite,FEMININ,1,0,0,0
"02",LR,droite,MASCULIN,1,1,0,0
"02",DSV,extrême-droite,MASCULIN,1,0,0,0
"02",EXD,extrême-droite,MASCULIN,2,1,1,1
"02",REC,extrême-droite,FEMININ,1,0,0,0
"02",REC,extrême-droite,MASCULIN,2,0,0,0
"02",RN,extrême-droite,MASCULIN,4,4,4,3
"02",EXG,extrême-gauche,FEMININ,5,0,0,0
"02",EXG,extrême-gauche,MASCULIN,1,0,0,0
"02",DVG,gauche,MASCULIN,1,1,0,0
"02",UG,gauche,FEMININ,2,0,0,0
"02",UG,gauche,MASCULIN,2,0,0,0
"03",ENS,centre,FEMININ,1,0,0,0
"03",ENS,centre,MASCULIN,1,0,0,0
"03",UDI,centre,MASCULIN,1,0,0,0
"03",DVD,droite,MASCULIN,1,0,0,0
"03",LR,droite,FEMININ,1,0,0,0
"03",LR,droite,MASCULIN,2,2,1,0
"03",REC,extrême-droite,FEMININ,2,0,0,0
"03",RN,extrême-droite,FEMININ,1,1,1,0
"03",RN,extrême-droite,MASCULIN,2,2,1,0
"03",EXG,extrême-gauche,MASCULIN,3,0,0,0
"03",UG,gauche,FEMININ,2,2,0,0
"03",UG,gauche,MASCULIN,1,1,0,0
"04",ENS,centre,FEMININ,1,1,0,0
"04",ENS,centre,MASCULIN,1,1,0,0
"04",UDI,centre,FEMININ,1,0,0,0
"04",DVD,droite,MASCULIN,1,0,0,0
"04",LR,droite,FEMININ,1,0,0,0
"04",REC,extrême-droite,FEMININ,2,0,0,0
"04",RN,extrême-droite,MASCULIN,1,1,1,0
"04",UXD,extrême-droite,FEMININ,1,1,1,0
"04",EXG,extrême-gauche,FEMININ,1,0,0,0
"04",EXG,extrême-gauche,MASCULIN,1,0,0,0
"04",UG,gauche,MASCULIN,2,2,0,0
"05",ENS,centre,FEMININ,1,1,0,0
"05",ENS,centre,MASCULIN,1,1,0,0
"05",DIV,divers,MASCULIN,1,0,0,0
"05",LR,droite,MASCULIN,1,0,0,0
"05",RN,extrême-droite,MASCULIN,2,2,2,0
"05",EXG,extrême-gauche,FEMININ,1,0,0,0
"05",EXG,extrême-gauche,MASCULIN,1,0,0,0
"05",UG,gauche,FEMININ,2,2,0,0
"06",ENS,centre,FEMININ,2,1,0,0
"06",ENS,centre,MASCULIN,5,2,0,0
"06",DIV,divers,MASCULIN,4,0,0,0
"06",REG,divers,MASCULIN,1,0,0,0
"06",LR,droite,FEMININ,3,3,0,0
"06",LR,droite,MASCULIN,3,1,0,0
"06",DSV,extrême-droite,MASCULIN,1,0,0,0
"06",EXD,extrême-droite,FEMININ,1,0,0,0
"06",EXD,extrême-droite,MASCULIN,1,0,0,0
"06",REC,extrême-droite,MASCULIN,1,0,0,0
"06",RN,extrême-droite,FEMININ,2,2,2,1
"06",RN,extrême-droite,MASCULIN,4,4,4,1
"06",UXD,extrême-droite,FEMININ,1,1,1,1
"06",UXD,extrême-droite,MASCULIN,2,2,2,0
"06",EXG,extrême-gauche,FEMININ,5,0,0,0
"06",EXG,extrême-gauche,MASCULIN,4,0,0,0
"06",ECO,gauche,FEMININ,7,0,0,0
"06",ECO,gauche,MASCULIN,3,0,0,0
"06",UG,gauche,FEMININ,5,2,0,0
"06",UG,gauche,MASCULIN,4,2,0,0
"07",ENS,centre,FEMININ,2,0,0,0
"07",ENS,centre,MASCULIN,1,0,0,0
"07",DIV,divers,MASCULIN,3,0,0,0
"07",REG,divers,MASCULIN,1,0,0,0
"07",DVD,droite,MASCULIN,2,1,0,0
"07",LR,droite,FEMININ,1,0,0,0
"07",DSV,extrême-droite,MASCULIN,2,0,0,0
"07",REC,extrême-droite,FEMININ,1,0,0,0
"07",REC,extrême-droite,MASCULIN,2,0,0,0
"07",RN,extrême-droite,FEMININ,1,1,1,0
"07",RN,extrême-droite,MASCULIN,1,1,1,0
"07",UXD,extrême-droite,MASCULIN,1,1,1,0
"07",EXG,extrême-gauche,FEMININ,2,0,0,0
"07",EXG,extrême-gauche,MASCULIN,3,0,0,0
"07",UG,gauche,FEMININ,2,2,0,0
"07",UG,gauche,MASCULIN,1,1,0,0
"08",ENS,centre,MASCULIN,2,1,0,0
"08",DIV,divers,MASCULIN,1,0,0,0
"08",DVD,droite,MASCULIN,2,2,1,0
"08",LR,droite,FEMININ,1,0,0,0
"08",EXD,extrême-droite,MASCULIN,1,0,0,0
"08",RN,extrême-droite,FEMININ,2,2,1,0
"08",RN,extrême-droite,MASCULIN,1,1,1,0
"08",EXG,extrême-gauche,FEMININ,3,0,0,0
"08",EXG,extrême-gauche,MASCULIN,1,0,0,0
"08",ECO,gauche,FEMININ,1,0,0,0
"08",UG,gauche,FEMININ,1,0,0,0
"08",UG,gauche,MASCULIN,2,0,0,0
"09",DVD,droite,MASCULIN,1,0,0,0
"09",REC,extrême-droite,FEMININ,1,0,0,0
"09",REC,extrême-droite,MASCULIN,1,0,0,0
"09",RN,extrême-droite,FEMININ,1,1,0,0
"09",RN,extrême-droite,MASCULIN,1,1,0,0
"09",EXG,extrême-gauche,FEMININ,2,0,0,0
"09",UG,gauche,FEMININ,1,1,1,1
"09",UG,gauche,MASCULIN,1,1,1,0
"10",ENS,centre,FEMININ,1,0,0,0
"10",ENS,centre,MASCULIN,2,0,0,0
"10",DVD,droite,MASCULIN,1,0,0,0
"10",LR,droite,FEMININ,1,1,0,0
"10",LR,droite,MASCULIN,2,0,0,0
"10",RN,extrême-droite,FEMININ,1,1,1,0
"10",RN,extrême-droite,MASCULIN,2,2,2,1
"10",EXG,extrême-gauche,MASCULIN,3,0,0,0
"10",ECO,gauche,FEMININ,1,0,0,0
"10",UG,gauche,FEMININ,2,0,0,0
"10",UG,gauche,MASCULIN,1,1,0,0
"11",DVC,centre,FEMININ,1,0,0,0
"11",ENS,centre,FEMININ,2,1,0,0
"11",ENS,centre,MASCULIN,1,0,0,0
"11",UDI,centre,FEMININ,1,0,0,0
"11",DIV,divers,MASCULIN,2,0,0,0
"11",REG,divers,FEMININ,2,0,0,0
"11",DVD,droite,MASCULIN,1,0,0,0
"11",LR,droite,MASCULIN,2,0,0,0
"11",REC,extrême-droite,FEMININ,1,0,0,0
"11",REC,extrême-droite,MASCULIN,2,0,0,0
"11",RN,extrême-droite,MASCULIN,3,3,3,0
"11",EXG,extrême-gauche,FEMININ,2,0,0,0
"11",EXG,extrême-gauche,MASCULIN,1,0,0,0
"11",DVG,gauche,MASCULIN,1,0,0,0
"11",UG,gauche,FEMININ,1,1,0,0
"11",UG,gauche,MASCULIN,2,2,0,0
"12",ENS,centre,MASCULIN,3,3,1,0
"12",DVD,droite,MASCULIN,1,0,0,0
"12",DSV,extrême-droite,MASCULIN,1,0,0,0
"12",RN,extrême-droite,FEMININ,1,1,1,0
"12",RN,extrême-droite,MASCULIN,1,1,0,0
"12",UXD,extrême-droite,MASCULIN,1,1,1,0
"12",EXG,extrême-gauche,FEMININ,2,0,0,0
"12",EXG,extrême-gauche,MASCULIN,1,0,0,0
"12",ECO,gauche,MASCULIN,1,0,0,0
"12",UG,gauche,MASCULIN,3,3,0,0
"13",DVC,centre,FEMININ,1,0,0,0
"13",ENS,centre,FEMININ,10,4,0,0
"13",ENS,centre,MASCULIN,6,3,0,0
"13",DIV,divers,FEMININ,1,0,0,0
"13",DIV,divers,MASCULIN,5,0,0,0
"13",REG,divers,FEMININ,3,0,0,0
"13",DVD,droite,FEMININ,1,0,0,0
"13",DVD,droite,MASCULIN,1,0,0,0
"13",LR,droite,FEMININ,3,0,0,0
"13",LR,droite,MASCULIN,10,0,0,0
"13",DSV,extrême-droite,FEMININ,2,0,0,0
"13",DSV,extrême-droite,MASCULIN,2,0,0,0
"13",EXD,extrême-droite,MASCULIN,1,0,0,0
"13",REC,extrême-droite,FEMININ,7,0,0,0
"13",REC,extrême-droite,MASCULIN,9,0,0,0
"13",RN,extrême-droite,FEMININ,4,3,3,0
"13",RN,extrême-droite,MASCULIN,10,10,9,1
"13",UXD,extrême-droite,MASCULIN,2,2,2,0
"13",EXG,extrême-gauche,FEMININ,10,0,0,0
"13",EXG,extrême-gauche,MASCULIN,8,0,0,0
"13",DVG,gauche,FEMININ,1,0,0,0
"13",DVG,gauche,MASCULIN,3,1,0,0
"13",ECO,gauche,FEMININ,5,0,0,0
"13",ECO,gauche,MASCULIN,5,0,0,0
"13",UG,gauche,FEMININ,4,4,0,0
"13",UG,gauche,MASCULIN,12,12,2,2
"14",DVC,centre,FEMININ,1,0,0,0
"14",ENS,centre,FEMININ,1,1,0,0
"14",ENS,centre,MASCULIN,4,3,0,0
"14",DIV,divers,MASCULIN,1,0,0,0
"14",DVD,droite,FEMININ,2,0,0,0
"14",DVD,droite,MASCULIN,2,1,1,0
"14",DSV,extrême-droite,MASCULIN,5,0,0,0
"14",REC,extrême-droite,FEMININ,2,0,0,0
"14",REC,extrême-droite,MASCULIN,2,0,0,0
"14",RN,extrême-droite,FEMININ,3,3,1,0
"14",RN,extrême-droite,MASCULIN,3,3,3,0
"14",EXG,extrême-gauche,FEMININ,3,0,0,0
"14",EXG,extrême-gauche,MASCULIN,4,0,0,0
"14",UG,gauche,FEMININ,1,1,0,0
"14",UG,gauche,MASCULIN,5,4,1,0
"15",ENS,centre,MASCULIN,1,0,0,0
"15",HOR,centre,MASCULIN,1,0,0,0
"15",DVD,droite,MASCULIN,3,2,2,0
"15",REC,extrême-droite,MASCULIN,2,0,0,0
"15",RN,extrême-droite,FEMININ,1,1,0,0
"15",RN,extrême-droite,MASCULIN,1,1,0,0
"15",EXG,extrême-gauche,FEMININ,1,0,0,0
"15",EXG,extrême-gauche,MASCULIN,1,0,0,0
"15",UG,gauche,FEMININ,2,1,0,0
"16",ENS,centre,FEMININ,1,1,0,0
"16",ENS,centre,MASCULIN,1,1,0,0
"16",HOR,centre,MASCULIN,1,1,0,0
"16",UDI,centre,MASCULIN,1,0,0,0
"16",LR,droite,MASCULIN,2,0,0,0
"16",EXD,extrême-droite,FEMININ,1,0,0,0
"16",REC,extrême-droite,FEMININ,1,0,0,0
"16",REC,extrême-droite,MASCULIN,2,0,0,0
"16",RN,extrême-droite,FEMININ,2,2,1,0
"16",UXD,extrême-droite,MASCULIN,1,1,1,0
"16",EXG,extrême-gauche,FEMININ,1,0,0,0
"16",EXG,extrême-gauche,MASCULIN,2,0,0,0
"16",ECO,gauche,MASCULIN,1,0,0,0
"16",UG,gauche,FEMININ,2,2,0,0
"16",UG,gauche,MASCULIN,1,1,1,0
"17",ENS,centre,FEMININ,1,1,0,0
"17",ENS,centre,MASCULIN,2,2,0,0
"17",HOR,centre,MASCULIN,1,1,0,0
"17",DIV,divers,MASCULIN,1,0,0,0
"17",REG,divers,FEMININ,1,0,0,0
"17",LR,droite,FEMININ,1,0,0,0
"17",LR,droite,MASCULIN,1,0,0,0
"17",REC,extrême-droite,MASCULIN,1,0,0,0
"17",RN,extrême-droite,FEMININ,2,2,1,0
"17",RN,extrême-droite,MASCULIN,3,3,3,0
"17",EXG,extrême-gauche,FEMININ,2,0,0,0
"17",EXG,extrême-gauche,MASCULIN,3,0,0,0
"17",DVG,gauche,FEMININ,1,0,0,0
"17",DVG,gauche,MASCULIN,2,1,1,0
"17",UG,gauche,FEMININ,2,1,0,0
"17",UG,gauche,MASCULIN,3,3,0,0
"18",ENS,centre,MASCULIN,3,3,0,0
"18",REG,divers,FEMININ,1,0,0,0
"18",DVD,droite,MASCULIN,1,0,0,0
"18",LR,droite,FEMININ,1,0,0,0
"18",DSV,extrême-droite,FEMININ,1,0,0,0
"18",REC,extrême-droite,MASCULIN,2,0,0,0
"18",RN,extrême-droite,MASCULIN,3,3,3,0
"18",EXG,extrême-gauche,FEMININ,1,0,0,0
"18",EXG,extrême-gauche,MASCULIN,2,0,0,0
"18",UG,gauche,FEMININ,1,0,0,0
"18",UG,gauche,MASCULIN,2,2,0,0
"19",LR,droite,FEMININ,1,1,0,0
"19",LR,droite,MASCULIN,1,1,0,0
"19",REC,extrême-droite,MASCULIN,1,0,0,0
"19",RN,extrême-droite,FEMININ,1,1,0,0
"19",RN,extrême-droite,MASCULIN,1,1,1,0
"19",EXG,extrême-gauche,FEMININ,2,0,0,0
"19",UG,gauche,FEMININ,1,1,0,0
"19",UG,gauche,MASCULIN,1,1,1,0
"21",DVC,centre,MASCULIN,1,0,0,0
"21",ENS,centre,FEMININ,1,1,0,0
"21",ENS,centre,MASCULIN,3,3,0,0
"21",DVD,droite,MASCULIN,1,0,0,0
"21",LR,droite,MASCULIN,4,1,0,0
"21",DSV,extrême-droite,FEMININ,1,0,0,0
"21",REC,extrême-droite,MASCULIN,1,0,0,0
"21",RN,extrême-droite,FEMININ,3,3,2,0
"21",RN,extrême-droite,MASCULIN,1,1,1,0
"21",UXD,extrême-droite,MASCULIN,1,1,1,0
"21",EXG,extrême-gauche,FEMININ,3,0,0,0
"21",EXG,extrême-gauche,MASCULIN,2,0,0,0
"21",DVG,gauche,FEMININ,1,0,0,0
"21",DVG,gauche,MASCULIN,1,0,0,0
"21",ECO,gauche,MASCULIN,1,0,0,0
"21",UG,gauche,FEMININ,3,3,1,0
"21",UG,gauche,MASCULIN,2,2,0,0
"22",DVC,centre,FEMININ,1,0,0,0
"22",ENS,centre,MASCULIN,5,4,3,0
"22",DIV,divers,FEMININ,1,0,0,0
"22",REG,divers,MASCULIN,3,0,0,0
"22",DVD,droite,MASCULIN,1,0,0,0
"22",LR,droite,MASCULIN,2,1,1,0
"22",REC,extrême-droite,FEMININ,1,0,0,0
"22",RN,extrême-droite,FEMININ,2,2,0,0
"22",RN,extrême-droite,MASCULIN,3,3,1,0
"22",EXG,extrême-gauche,FEMININ,2,0,0,0
"22",EXG,extrême-gauche,MASCULIN,4,0,0,0
"22",ECO,gauche,FEMININ,1,0,0,0
"22",UG,gauche,FEMININ,3,3,0,0
"22",UG,gauche,MASCULIN,2,2,0,0
"23",ENS,centre,MASCULIN,1,0,0,0
"23",DIV,divers,FEMININ,1,0,0,0
"23",DVD,droite,FEMININ,1,1,0,0
"23",REC,extrême-droite,FEMININ,1,0,0,0
"23",UXD,extrême-droite,MASCULIN,1,1,1,0
"23",EXG,extrême-gauche,FEMININ,1,0,0,0
"23",UG,gauche,FEMININ,1,1,0,0
"24",DVC,centre,MASCULIN,1,0,0,0
"24",ENS,centre,MASCULIN,4,3,0,0
"24",DIV,divers,MASCULIN,1,0,0,0
"24",LR,droite,FEMININ,3,0,0,0
"24",LR,droite,MASCULIN,1,0,0,0
"24",REC,extrême-droite,FEMININ,1,0,0,0
"24",REC,extrême-droite,MASCULIN,1,0,0,0
"24",RN,extrême-droite,FEMININ,3,3,3,0
"24",RN,extrême-droite,MASCULIN,1,1,1,0
"24",EXG,extrême-gauche,FEMININ,1,0,0,0
"24",EXG,extrême-gauche,MASCULIN,3,0,0,0
"24",UG,gauche,FEMININ,2,2,0,0
"24",UG,gauche,MASCULIN,2,2,0,0
"25",ENS,centre,MASCULIN,5,4,1,0
"25",DIV,divers,MASCULIN,1,0,0,0
"25",REG,divers,FEMININ,1,0,0,0
"25",LR,droite,FEMININ,1,1,1,0
"25",LR,droite,MASCULIN,1,0,0,0
"25",DSV,extrême-droite,MASCULIN,1,0,0,0
"25",RN,extrême-droite,FEMININ,2,2,1,0
"25",RN,extrême-droite,MASCULIN,2,2,0,0
"25",UXD,extrême-droite,MASCULIN,1,1,1,0
"25",EXG,extrême-gauche,FEMININ,3,0,0,0
"25",EXG,extrême-gauche,MASCULIN,3,0,0,0
"25",ECO,gauche,FEMININ,1,0,0,0
"25",ECO,gauche,MASCULIN,1,0,0,0
"25",UG,gauche,FEMININ,4,4,1,0
"25",UG,gauche,MASCULIN,1,0,0,0
"26",ENS,centre,FEMININ,1,0,0,0
"26",ENS,centre,MASCULIN,3,2,0,0
"26",DVD,droite,MASCULIN,1,0,0,0
"26",LR,droite,FEMININ,3,1,0,0
"26",LR,droite,MASCULIN,1,0,0,0
"26",DSV,extrême-droite,MASCULIN,1,0,0,0
"26",REC,extrême-droite,FEMININ,2,0,0,0
"26",REC,extrême-droite,MASCULIN,2,0,0,0
"26",RN,extrême-droite,FEMININ,1,1,1,0
"26",RN,extrême-droite,MASCULIN,2,2,1,0
"26",UXD,extrême-droite,MASCULIN,1,1,0,0
"26",EXG,extrême-gauche,FEMININ,2,0,0,0
"26",EXG,extrême-gauche,MASCULIN,2,0,0,0
"26",UG,gauche,FEMININ,2,2,1,0
"26",UG,gauche,MASCULIN,2,2,1,0
"27",DVC,centre,FEMININ,1,0,0,0
"27",DVC,centre,MASCULIN,2,0,0,0
"27",ENS,centre,FEMININ,3,1,0,0
"27",ENS,centre,MASCULIN,2,2,0,0
"27",DIV,divers,MASCULIN,1,0,0,0
"27",DVD,droite,FEMININ,1,0,0,0
"27",DVD,droite,MASCULIN,3,0,0,0
"27",LR,droite,MASCULIN,1,0,0,0
"27",REC,extrême-droite,FEMININ,2,0,0,0
"27",REC,extrême-droite,MASCULIN,2,0,0,0
"27",RN,extrême-droite,FEMININ,2,2,2,0
"27",RN,extrême-droite,MASCULIN,3,3,3,0
"27",EXG,extrême-gauche,FEMININ,4,0,0,0
"27",EXG,extrême-gauche,MASCULIN,1,0,0,0
"27",UG,gauche,FEMININ,1,1,0,0
"27",UG,gauche,MASCULIN,4,3,0,0
"28",DVC,centre,MASCULIN,1,1,0,0
"28",ENS,centre,MASCULIN,3,2,0,0
"28",LR,droite,MASCULIN,3,1,0,0
"28",REC,extrême-droite,FEMININ,1,0,0,0
"28",REC,extrême-droite,MASCULIN,3,0,0,0
"28",RN,extrême-droite,FEMININ,1,1,1,0
"28",RN,extrême-droite,MASCULIN,2,2,2,0
"28",UXD,extrême-droite,MASCULIN,1,1,1,0
"28",EXG,extrême-gauche,FEMININ,3,0,0,0
"28",EXG,extrême-gauche,MASCULIN,2,0,0,0
"28",UG,gauche,FEMININ,2,1,0,0
"28",UG,gauche,MASCULIN,1,1,0,0
"29",DVC,centre,MASCULIN,3,1,0,0
"29",ENS,centre,FEMININ,4,4,2,0
"29",ENS,centre,MASCULIN,4,3,1,0
"29",DIV,divers,FEMININ,1,0,0,0
"29",REG,divers,FEMININ,2,0,0,0
"29",REG,divers,MASCULIN,1,0,0,0
"29",DVD,droite,FEMININ,1,0,0,0
"29",LR,droite,FEMININ,1,0,0,0
"29",LR,droite,MASCULIN,3,0,0,0
"29",DSV,extrême-droite,FEMININ,1,0,0,0
"29",DSV,extrême-droite,MASCULIN,1,0,0,0
"29",EXD,extrême-droite,MASCULIN,1,0,0,0
"29",REC,extrême-droite,FEMININ,2,0,0,0
"29",REC,extrême-droite,MASCULIN,2,0,0,0
"29",RN,extrême-droite,FEMININ,4,4,0,0
"29",RN,extrême-droite,MASCULIN,4,4,1,0
"29",EXG,extrême-gauche,FEMININ,2,0,0,0
"29",EXG,extrême-gauche,MASCULIN,8,0,0,0
"29",DVG,gauche,MASCULIN,2,1,0,0
"29",ECO,gauche,FEMININ,1,0,0,0
"29",UG,gauche,FEMININ,4,4,3,0
"29",UG,gauche,MASCULIN,4,4,1,0
"2A",ENS,centre,MASCULIN,1,1,0,0
"2A",REG,divers,FEMININ,1,0,0,0
"2A",REG,divers,MASCULIN,6,1,0,0
"2A",DVD,droite,FEMININ,1,0,0,0
"2A",RN,extrême-droite,FEMININ,1,1,1,0
"2A",RN,extrême-droite,MASCULIN,1,1,1,0
"2A",EXG,extrême-gauche,MASCULIN,1,0,0,0
"2A",COM,gauche,MASCULIN,1,0,0,0
"2A",SOC,gauche,MASCULIN,1,0,0,0
"2B",DVC,centre,MASCULIN,2,0,0,0
"2B",DIV,divers,FEMININ,1,0,0,0
"2B",REG,divers,MASCULIN,6,2,1,0
"2B",DVD,droite,MASCULIN,1,1,1,0
"2B",DSV,extrême-droite,MASCULIN,1,0,0,0
"2B",REC,extrême-droite,MASCULIN,1,0,0,0
"2B",RN,extrême-droite,FEMININ,1,1,0,0
"2B",RN,extrême-droite,MASCULIN,1,1,0,0
"2B",EXG,extrême-gauche,FEMININ,1,0,0,0
"2B",EXG,extrême-gauche,MASCULIN,1,0,0,0
"2B",FI,gauche,MASCULIN,1,0,0,0
"2B",VEC,gauche,FEMININ,1,0,0,0
"30",ENS,centre,FEMININ,4,1,0,0
"30",ENS,centre,MASCULIN,2,2,0,0
"30",UDI,centre,FEMININ,1,0,0,0
"30",DIV,divers,MASCULIN,1,0,0,0
"30",REG,divers,FEMININ,1,0,0,0
"30",REG,divers,MASCULIN,1,0,0,0
"30",DVD,droite,MASCULIN,1,0,0,0
"30",LR,droite,FEMININ,3,0,0,0
"30",LR,droite,MASCULIN,3,0,0,0
"30",EXD,extrême-droite,MASCULIN,1,0,0,0
"30",RN,extrême-droite,FEMININ,2,2,2,0
"30",RN,extrême-droite,MASCULIN,3,3,3,1
"30",UXD,extrême-droite,MASCULIN,1,1,1,0
"30",EXG,extrême-gauche,FEMININ,3,0,0,0
"30",EXG,extrême-gauche,MASCULIN,3,0,0,0
"30",UG,gauche,FEMININ,2,2,0,0
"30",UG,gauche,MASCULIN,4,4,0,0
"31",DVC,centre,FEMININ,5,0,0,0
"31",DVC,centre,MASCULIN,1,0,0,0
"31",ENS,centre,FEMININ,7,6,0,0
"31",ENS,centre,MASCULIN,3,3,0,0
"31",DIV,divers,FEMININ,1,0,0,0
"31",DIV,divers,MASCULIN,2,0,0,0
"31",REG,divers,FEMININ,1,0,0,0
"31",REG,divers,MASCULIN,1,0,0,0
"31",DVD,droite,MASCULIN,2,0,0,0
"31",LR,droite,MASCULIN,2,0,0,0
"31",DSV,extrême-droite,FEMININ,1,0,0,0
"31",REC,extrême-droite,FEMININ,3,0,0,0
"31",REC,extrême-droite,MASCULIN,6,0,0,0
"31",RN,extrême-droite,FEMININ,6,5,0,0
"31",RN,extrême-droite,MASCULIN,3,3,2,0
"31",UXD,extrême-droite,MASCULIN,1,1,1,0
"31",EXG,extrême-gauche,FEMININ,6,0,0,0
"31",EXG,extrême-gauche,MASCULIN,6,0,0,0
"31",DVG,gauche,MASCULIN,1,0,0,0
"31",ECO,gauche,FEMININ,2,0,0,0
"31",ECO,gauche,MASCULIN,3,0,0,0
"31",UG,gauche,FEMININ,4,4,3,0
"31",UG,gauche,MASCULIN,6,6,4,1
"32",ENS,centre,MASCULIN,1,1,0,0
"32",REG,divers,FEMININ,1,0,0,0
"32",REG,divers,MASCULIN,3,0,0,0
"32",LR,droite,FEMININ,1,0,0,0
"32",REC,extrême-droite,FEMININ,2,0,0,0
"32",RN,extrême-droite,FEMININ,1,1,0,0
"32",RN,extrême-droite,MASCULIN,1,1,1,0
"32",EXG,extrême-gauche,FEMININ,1,0,0,0
"32",EXG,extrême-gauche,MASCULIN,1,0,0,0
"32",DVG,gauche,MASCULIN,1,1,1,0
"32",ECO,gauche,MASCULIN,1,0,0,0
"32",UG,gauche,MASCULIN,1,1,0,0
"33",DVC,centre,FEMININ,2,0,0,0
"33",DVC,centre,MASCULIN,2,0,0,0
"33",ENS,centre,FEMININ,6,6,0,0
"33",ENS,centre,MASCULIN,6,5,1,0
"33",DIV,divers,FEMININ,1,0,0,0
"33",DIV,divers,MASCULIN,2,0,0,0
"33",DVD,droite,MASCULIN,2,0,0,0
"33",LR,droite,FEMININ,1,0,0,0
"33",LR,droite,MASCULIN,2,0,0,0
"33",EXD,extrême-droite,MASCULIN,1,0,0,0
"33",REC,extrême-droite,FEMININ,4,0,0,0
"33",REC,extrême-droite,MASCULIN,2,0,0,0
"33",RN,extrême-droite,FEMININ,6,5,2,1
"33",RN,extrême-droite,MASCULIN,6,6,4,0
"33",EXG,extrême-gauche,FEMININ,5,0,0,0
"33",EXG,extrême-gauche,MASCULIN,9,0,0,0
"33",DVG,gauche,FEMININ,1,0,0,0
"33",ECO,gauche,MASCULIN,2,0,0,0
"33",UG,gauche,FEMININ,7,7,1,0
"33",UG,gauche,MASCULIN,5,5,4,0
"34",ENS,centre,FEMININ,5,3,0,0
"34",ENS,centre,MASCULIN,4,2,0,0
"34",UDI,centre,FEMININ,1,0,0,0
"34",DIV,divers,MASCULIN,2,0,0,0
"34",DVD,droite,FEMININ,3,1,0,0
"34",DVD,droite,MASCULIN,4,0,0,0
"34",LR,droite,FEMININ,1,0,0,0
"34",LR,droite,MASCULIN,1,0,0,0
"34",REC,extrême-droite,FEMININ,2,0,0,0
"34",REC,extrême-droite,MASCULIN,3,0,0,0
"34",RN,extrême-droite,FEMININ,4,3,2,0
"34",RN,extrême-droite,MASCULIN,3,3,3,1
"34",UXD,extrême-droite,MASCULIN,2,2,2,0
"34",EXG,extrême-gauche,FEMININ,4,0,0,0
"34",EXG,extrême-gauche,MASCULIN,5,0,0,0
"34",ECO,gauche,FEMININ,1,0,0,0
"34",ECO,gauche,MASCULIN,1,0,0,0
"34",UG,gauche,FEMININ,4,4,2,1
"34",UG,gauche,MASCULIN,5,5,0,0
"35",DVC,centre,MASCULIN,2,0,0,0
"35",ENS,centre,FEMININ,5,5,1,0
"35",ENS,centre,MASCULIN,2,2,1,0
"35",REG,divers,MASCULIN,3,0,0,0
"35",DVD,droite,MASCULIN,2,1,1,0
"35",LR,droite,FEMININ,1,0,0,0
"35",LR,droite,MASCULIN,3,0,0,0
"35",DSV,extrême-droite,FEMININ,1,0,0,0
"35",RN,extrême-droite,FEMININ,5,4,0,0
"35",RN,extrême-droite,MASCULIN,3,3,1,0
"35",EXG,extrême-gauche,FEMININ,4,0,0,0
"35",EXG,extrême-gauche,MASCULIN,4,0,0,0
"35",DVG,gauche,FEMININ,1,0,0,0
"35",DVG,gauche,MASCULIN,2,0,0,0
"35",ECO,gauche,MASCULIN,2,0,0,0
"35",UG,gauche,FEMININ,4,4,2,0
"35",UG,gauche,MASCULIN,4,4,2,1
"36",HOR,centre,MASCULIN,1,1,0,0
"36",DIV,divers,MASCULIN,1,0,0,0
"36",LR,droite,MASCULIN,1,1,0,0
"36",REC,extrême-droite,FEMININ,1,0,0,0
"36",RN,extrême-droite,FEMININ,1,1,1,0
"36",UXD,extrême-droite,MASCULIN,1,1,1,0
"36",EXG,extrême-gauche,FEMININ,1,0,0,0
"36",EXG,extrême-gauche,MASCULIN,1,0,0,0
"36",UG,gauche,FEMININ,1,1,0,0
"36",UG,gauche,MASCULIN,1,1,0,0
"37",ENS,centre,FEMININ,2,2,0,0
"37",ENS,centre,MASCULIN,3,3,1,0
"37",DIV,divers,MASCULIN,2,0,0,0
"37",LR,droite,FEMININ,2,0,0,0
"37",LR,droite,MASCULIN,2,0,0,0
"37",REC,extrême-droite,MASCULIN,4,0,0,0
"37",RN,extrême-droite,FEMININ,2,1,1,0
"37",RN,extrême-droite,MASCULIN,2,2,2,0
"37",UXD,extrême-droite,MASCULIN,1,1,0,0
"37",EXG,extrême-gauche,FEMININ,2,0,0,0
"37",EXG,extrême-gauche,MASCULIN,3,0,0,0
"37",DVG,gauche,MASCULIN,1,0,0,0
"37",UG,gauche,FEMININ,3,3,0,0
"37",UG,gauche,MASCULIN,2,2,1,0
"38",DVC,centre,MASCULIN,1,0,0,0
"38",ENS,centre,FEMININ,8,5,0,0
"38",ENS,centre,MASCULIN,2,2,0,0
"38",UDI,centre,MASCULIN,1,0,0,0
"38",DIV,divers,FEMININ,1,0,0,0
"38",DIV,divers,MASCULIN,1,0,0,0
"38",LR,droite,FEMININ,6,0,0,0
"38",LR,droite,MASCULIN,3,1,0,0
"38",DSV,extrême-droite,MASCULIN,1,0,0,0
"38",REC,extrême-droite,FEMININ,2,0,0,0
"38",REC,extrême-droite,MASCULIN,3,0,0,0
"38",RN,extrême-droite,FEMININ,3,3,1,0
"38",RN,extrême-droite,MASCULIN,4,4,3,0
"38",UXD,extrême-droite,FEMININ,2,2,1,0
"38",UXD,extrême-droite,MASCULIN,1,1,0,0
"38",EXG,extrême-gauche,FEMININ,6,0,0,0
"38",EXG,extrême-gauche,MASCULIN,8,0,0,0
"38",DVG,gauche,MASCULIN,2,0,0,0
"38",ECO,gauche,FEMININ,1,0,0,0
"38",ECO,gauche,MASCULIN,1,0,0,0
"38",UG,gauche,FEMININ,8,8,3,0
"38",UG,gauche,MASCULIN,2,2,2,0
"39",ENS,centre,FEMININ,1,1,0,0
"39",LR,droite,FEMININ,2,2,1,0
"39",DSV,extrême-droite,MASCULIN,1,0,0,0
"39",REC,extrême-droite,MASCULIN,1,0,0,0
"39",RN,extrême-droite,FEMININ,2,2,2,0
"39",RN,extrême-droite,MASCULIN,1,1,0,0
"39",EXG,extrême-gauche,FEMININ,2,0,0,0
"39",EXG,extrême-gauche,MASCULIN,1,0,0,0
"39",UG,gauche,FEMININ,1,1,0,0
"39",UG,gauche,MASCULIN,2,2,0,0
"40",DVC,centre,FEMININ,1,0,0,0
"40",DVC,centre,MASCULIN,2,0,0,0
"40",ENS,centre,FEMININ,1,1,0,0
"40",ENS,centre,MASCULIN,2,1,0,0
"40",REG,divers,FEMININ,1,0,0,0
"40",REG,divers,MASCULIN,1,0,0,0
"40",LR,droite,FEMININ,1,0,0,0
"40",LR,droite,MASCULIN,2,0,0,0
"40",REC,extrême-droite,FEMININ,1,0,0,0
"40",REC,extrême-droite,MASCULIN,2,0,0,0
"40",RN,extrême-droite,FEMININ,2,2,1,0
"40",RN,extrême-droite,MASCULIN,1,1,1,0
"40",EXG,extrême-gauche,FEMININ,1,0,0,0
"40",EXG,extrême-gauche,MASCULIN,2,0,0,0
"40",UG,gauche,FEMININ,1,1,0,0
"40",UG,gauche,MASCULIN,2,2,1,0
"41",DVC,centre,MASCULIN,1,0,0,0
"41",ENS,centre,MASCULIN,2,2,0,0
"41",UDI,centre,MASCULIN,1,0,0,0
"41",DIV,divers,MASCULIN,3,0,0,0
"41",DVD,droite,FEMININ,1,0,0,0
"41",DVD,droite,MASCULIN,1,1,0,0
"41",LR,droite,MASCULIN,1,0,0,0
"41",REC,extrême-droite,MASCULIN,2,0,0,0
"41",RN,extrême-droite,FEMININ,2,2,2,0
"41",RN,extrême-droite,MASCULIN,1,1,1,0
"41",EXG,extrême-gauche,FEMININ,1,0,0,0
"41",EXG,extrême-gauche,MASCULIN,2,0,0,0
"41",DVG,gauche,MASCULIN,1,0,0,0
"41",UG,gauche,FEMININ,1,0,0,0
"41",UG,gauche,MASCULIN,1,1,0,0
"42",DVC,centre,MASCULIN,3,0,0,0
"42",ENS,centre,MASCULIN,2,2,0,0
"42",UDI,centre,MASCULIN,1,1,0,0
"42",DVD,droite,MASCULIN,2,0,0,0
"42",LR,droite,FEMININ,1,1,0,0
"42",LR,droite,MASCULIN,2,2,1,0
"42",EXD,extrême-droite,MASCULIN,1,0,0,0
"42",REC,extrême-droite,MASCULIN,2,0,0,0
"42",RN,extrême-droite,FEMININ,3,3,1,0
"42",RN,extrême-droite,MASCULIN,3,3,2,0
"42",EXG,extrême-gauche,FEMININ,4,0,0,0
"42",EXG,extrême-gauche,MASCULIN,3,0,0,0
"42",DVG,gauche,MASCULIN,1,0,0,0
"42",ECO,gauche,FEMININ,3,0,0,0
"42",UG,gauche,FEMININ,2,1,1,0
"42",UG,gauche,MASCULIN,4,4,1,0
"43",ENS,centre,FEMININ,2,0,0,0
"43",LR,droite,MASCULIN,2,2,2,0
"43",RN,extrême-droite,FEMININ,1,1,0,0
"43",RN,extrême-droite,MASCULIN,1,1,0,0
"43",EXG,extrême-gauche,FEMININ,1,0,0,0
"43",EXG,extrême-gauche,MASCULIN,1,0,0,0
"43",UG,gauche,FEMININ,1,1,0,0
"43",UG,gauche,MASCULIN,1,1,0,0
"44",ENS,centre,FEMININ,6,6,2,0
"44",ENS,centre,MASCULIN,2,2,0,0
"44",DIV,divers,FEMININ,1,0,0,0
"44",REG,divers,MASCULIN,2,0,0,0
"44",DVD,droite,FEMININ,1,0,0,0
"44",DVD,droite,MASCULIN,2,2,1,0
"44",LR,droite,FEMININ,3,0,0,0
"44",LR,droite,MASCULIN,2,0,0,0
"44",DSV,extrême-droite,FEMININ,2,0,0,0
"44",DSV,extrême-droite,MASCULIN,2,0,0,0
"44",REC,extrême-droite,FEMININ,1,0,0,0
"44",REC,extrême-droite,MASCULIN,1,0,0,0
"44",RN,extrême-droite,FEMININ,4,3,0,0
"44",RN,extrême-droite,MASCULIN,4,4,0,0
"44",UXD,extrême-droite,MASCULIN,2,2,0,0
"44",EXG,extrême-gauche,FEMININ,8,0,0,0
"44",EXG,extrême-gauche,MASCULIN,5,0,0,0
"44",DVG,gauche,MASCULIN,3,0,0,0
"44",ECO,gauche,FEMININ,1,0,0,0
"44",ECO,gauche,MASCULIN,1,0,0,0
"44",UG,gauche,FEMININ,4,4,2,0
"44",UG,gauche,MASCULIN,6,6,5,1
"45",DVC,centre,MASCULIN,1,0,0,0
"45",ENS,centre,FEMININ,3,2,1,0
"45",ENS,centre,MASCULIN,2,2,0,0
"45",DIV,divers,FEMININ,2,0,0,0
"45",DVD,droite,FEMININ,1,1,0,0
"45",DVD,droite,MASCULIN,1,0,0,0
"45",LR,droite,MASCULIN,3,0,0,0
"45",DSV,extrême-droite,FEMININ,1,0,0,0
"45",REC,extrême-droite,FEMININ,4,0,0,0
"45",REC,extrême-droite,MASCULIN,2,0,0,0
"45",RN,extrême-droite,FEMININ,3,3,2,0
"45",RN,extrême-droite,MASCULIN,3,3,3,0
"45",EXG,extrême-gauche,FEMININ,3,0,0,0
"45",EXG,extrême-gauche,MASCULIN,3,0,0,0
"45",DVG,gauche,MASCULIN,2,0,0,0
"45",ECO,gauche,MASCULIN,1,0,0,0
"45",UG,gauche,FEMININ,2,2,0,0
"45",UG,gauche,MASCULIN,4,4,0,0
"46",ENS,centre,FEMININ,1,1,0,0
"46",ENS,centre,MASCULIN,1,0,0,0
"46",DIV,divers,MASCULIN,1,0,0,0
"46",LR,droite,MASCULIN,1,1,1,0
"46",REC,extrême-droite,MASCULIN,1,0,0,0
"46",RN,extrême-droite,FEMININ,1,1,0,0
"46",RN,extrême-droite,MASCULIN,1,1,0,0
"46",EXG,extrême-gauche,FEMININ,1,0,0,0
"46",EXG,extrême-gauche,MASCULIN,1,0,0,0
"46",DVG,gauche,MASCULIN,1,0,0,0
"46",UG,gauche,FEMININ,1,1,0,0
"46",UG,gauche,MASCULIN,1,1,1,0
"47",ENS,centre,MASCULIN,2,2,0,0
"47",REG,divers,MASCULIN,1,0,0,0
"47",DVD,droite,MASCULIN,1,1,0,0
"47",RN,extrême-droite,FEMININ,2,2,2,0
"47",RN,extrême-droite,MASCULIN,1,1,1,0
"47",EXG,extrême-gauche,FEMININ,2,0,0,0
"47",EXG,extrême-gauche,MASCULIN,1,0,0,0
"47",DVG,gauche,MASCULIN,1,0,0,0
"47",UG,gauche,MASCULIN,3,3,0,0
"48",DIV,divers,MASCULIN,1,0,0,0
"48",DVD,droite,MASCULIN,1,1,0,0
"48",RN,extrême-droite,MASCULIN,1,1,0,0
"48",EXG,extrême-gauche,FEMININ,1,0,0,0
"48",DVG,gauche,MASCULIN,1,0,0,0
"48",UG,gauche,FEMININ,1,1,1,0
"49",DVC,centre,MASCULIN,1,0,0,0
"49",ENS,centre,FEMININ,3,3,2,0
"49",ENS,centre,MASCULIN,4,3,3,0
"49",DVD,droite,MASCULIN,1,0,0,0
"49",LR,droite,FEMININ,4,1,0,0
"49",LR,droite,MASCULIN,3,0,0,0
"49",DSV,extrême-droite,FEMININ,1,0,0,0
"49",DSV,extrême-droite,MASCULIN,3,0,0,0
"49",REC,extrême-droite,FEMININ,3,0,0,0
"49",RN,extrême-droite,FEMININ,2,2,1,0
"49",RN,extrême-droite,MASCULIN,4,4,1,0
"49",UXD,extrême-droite,MASCULIN,1,1,0,0
"49",EXG,extrême-gauche,FEMININ,4,0,0,0
"49",EXG,extrême-gauche,MASCULIN,5,0,0,0
"49",UG,gauche,FEMININ,4,4,0,0
"49",UG,gauche,MASCULIN,3,3,0,0
"50",ENS,centre,MASCULIN,4,2,1,0
"50",DIV,divers,FEMININ,1,0,0,0
"50",DVD,droite,FEMININ,2,0,0,0
"50",DVD,droite,MASCULIN,2,1,1,0
"50",DSV,extrême-droite,MASCULIN,1,0,0,0
"50",REC,extrême-droite,MASCULIN,4,0,0,0
"50",RN,extrême-droite,FEMININ,1,1,0,0
"50",RN,extrême-droite,MASCULIN,1,1,0,0
"50",UXD,extrême-droite,MASCULIN,2,2,1,0
"50",EXG,extrême-gauche,FEMININ,2,0,0,0
"50",EXG,extrême-gauche,MASCULIN,2,0,0,0
"50",ECO,gauche,MASCULIN,2,0,0,0
"50",UG,gauche,FEMININ,2,2,1,0
"50",UG,gauche,MASCULIN,2,0,0,0
"51",DVC,centre,MASCULIN,1,1,0,0
"51",ENS,centre,FEMININ,2,2,0,0
"51",ENS,centre,MASCULIN,2,2,0,0
"51",DIV,divers,MASCULIN,1,0,0,0
"51",DVD,droite,MASCULIN,2,1,1,0
"51",LR,droite,MASCULIN,1,0,0,0
"51",DSV,extrême-droite,FEMININ,1,0,0,0
"51",REC,extrême-droite,FEMININ,1,0,0,0
"51",REC,extrême-droite,MASCULIN,1,0,0,0
"51",RN,extrême-droite,FEMININ,1,1,1,0
"51",RN,extrême-droite,MASCULIN,2,2,2,0
"51",UXD,extrême-droite,MASCULIN,1,1,1,0
"51",EXG,extrême-gauche,FEMININ,2,0,0,0
"51",EXG,extrême-gauche,MASCULIN,3,0,0,0
"51",ECO,gauche,MASCULIN,1,0,0,0
"51",UG,gauche,FEMININ,2,1,0,0
"51",UG,gauche,MASCULIN,3,1,0,0
"52",ENS,centre,FEMININ,1,1,0,0
"52",DIV,divers,MASCULIN,1,0,0,0
"52",DVD,droite,MASCULIN,1,1,0,0
"52",RN,extrême-droite,FEMININ,1,1,1,1
"52",RN,extrême-droite,MASCULIN,1,1,1,0
"52",EXG,extrême-gauche,MASCULIN,2,0,0,0
"52",UG,gauche,FEMININ,1,0,0,0
"52",UG,gauche,MASCULIN,1,1,0,0
"53",ENS,centre,FEMININ,1,1,1,0
"53",HOR,centre,MASCULIN,1,1,1,0
"53",UDI,centre,MASCULIN,1,1,0,0
"53",DIV,divers,MASCULIN,1,0,0,0
"53",DVD,droite,FEMININ,1,0,0,0
"53",DVD,droite,MASCULIN,1,0,0,0
"53",RN,extrême-droite,FEMININ,2,2,0,0
"53",RN,extrême-droite,MASCULIN,1,1,0,0
"53",EXG,extrême-gauche,FEMININ,1,0,0,0
"53",EXG,extrême-gauche,MASCULIN,2,0,0,0
"53",UG,gauche,FEMININ,1,1,0,0
"53",UG,gauche,MASCULIN,2,2,1,0
"54",ENS,centre,FEMININ,1,0,0,0
"54",ENS,centre,MASCULIN,3,2,0,0
"54",DIV,divers,MASCULIN,1,0,0,0
"54",LR,droite,FEMININ,1,0,0,0
"54",LR,droite,MASCULIN,5,1,0,0
"54",DSV,extrême-droite,FEMININ,1,0,0,0
"54",DSV,extrême-droite,MASCULIN,1,0,0,0
"54",EXD,extrême-droite,MASCULIN,2,1,0,0
"54",REC,extrême-droite,FEMININ,2,0,0,0
"54",RN,extrême-droite,FEMININ,3,3,1,0
"54",RN,extrême-droite,MASCULIN,2,2,2,0
"54",EXG,extrême-gauche,FEMININ,4,0,0,0
"54",EXG,extrême-gauche,MASCULIN,2,0,0,0
"54",ECO,gauche,MASCULIN,1,0,0,0
"54",UG,gauche,FEMININ,4,4,1,0
"54",UG,gauche,MASCULIN,2,2,2,0
"55",DVD,droite,MASCULIN,3,2,0,0
"55",DSV,extrême-droite,FEMININ,1,0,0,0
"55",RN,extrême-droite,FEMININ,1,1,1,1
"55",RN,extrême-droite,MASCULIN,1,1,1,0
"55",EXG,extrême-gauche,MASCULIN,2,0,0,0
"55",ECO,gauche,FEMININ,1,0,0,0
"55",UG,gauche,MASCULIN,2,0,0,0
"56",ENS,centre,FEMININ,4,3,1,0
"56",ENS,centre,MASCULIN,2,2,1,0
"56",DIV,divers,FEMININ,1,0,0,0
"56",REG,divers,FEMININ,1,0,0,0
"56",REG,divers,MASCULIN,3,1,1,0
"56",DVD,droite,FEMININ,1,0,0,0
"56",DVD,droite,MASCULIN,2,0,0,0
"56",DSV,extrême-droite,FEMININ,1,0,0,0
"56",DSV,extrême-droite,MASCULIN,2,0,0,0
"56",RN,extrême-droite,FEMININ,3,3,1,0
"56",RN,extrême-droite,MASCULIN,3,3,1,0
"56",EXG,extrême-gauche,FEMININ,3,0,0,0
"56",EXG,extrême-gauche,MASCULIN,3,0,0,0
"56",DVG,gauche,MASCULIN,1,0,0,0
"56",ECO,gauche,MASCULIN,2,0,0,0
"56",UG,gauche,FEMININ,4,3,0,0
"56",UG,gauche,MASCULIN,2,2,1,0
"57",ENS,centre,FEMININ,3,1,0,0
"57",ENS,centre,MASCULIN,3,2,0,0
"57",UDI,centre,FEMININ,1,1,0,0
"57",DIV,divers,FEMININ,1,0,0,0
"57",DIV,divers,MASCULIN,5,0,0,0
"57",REG,divers,FEMININ,2,0,0,0
"57",REG,divers,MASCULIN,1,0,0,0
"57",DVD,droite,MASCULIN,2,0,0,0
"57",LR,droite,FEMININ,1,0,0,0
"57",LR,droite,MASCULIN,3,2,0,0
"57",DSV,extrême-droite,MASCULIN,2,0,0,0
"57",REC,extrême-droite,MASCULIN,3,0,0,0
"57",RN,extrême-droite,FEMININ,2,2,2,0
"57",RN,extrême-droite,MASCULIN,7,7,7,2
"57",EXG,extrême-gauche,FEMININ,4,0,0,0
"57",EXG,extrême-gauche,MASCULIN,7,0,0,0
"57",DVG,gauche,MASCULIN,1,0,0,0
"57",UG,gauche,FEMININ,6,3,0,0
"57",UG,gauche,MASCULIN,3,2,0,0
"58",ENS,centre,FEMININ,2,2,0,0
"58",LR,droite,MASCULIN,2,0,0,0
"58",DSV,extrême-droite,FEMININ,2,0,0,0
"58",RN,extrême-droite,MASCULIN,2,2,2,0
"58",EXG,extrême-gauche,FEMININ,1,0,0,0
"58",EXG,extrême-gauche,MASCULIN,1,0,0,0
"58",DVG,gauche,FEMININ,1,0,0,0
"58",UG,gauche,MASCULIN,2,2,0,0
"59",DVC,centre,MASCULIN,1,0,0,0
"59",ENS,centre,FEMININ,6,5,3,0
"59",ENS,centre,MASCULIN,5,1,1,0
"59",HOR,centre,FEMININ,1,1,1,0
"59",UDI,centre,FEMININ,2,1,0,0
"59",DIV,divers,FEMININ,1,0,0,0
"59",DIV,divers,MASCULIN,6,1,0,0
"59",REG,divers,FEMININ,1,0,0,0
"59",DVD,droite,FEMININ,1,0,0,0
"59",DVD,droite,MASCULIN,11,5,0,0
"59",LR,droite,FEMININ,2,0,0,0
"59",LR,droite,MASCULIN,3,0,0,0
"59",DSV,extrême-droite,FEMININ,1,0,0,0
"59",DSV,extrême-droite,MASCULIN,1,0,0,0
"59",REC,extrême-droite,FEMININ,3,0,0,0
"59",REC,extrême-droite,MASCULIN,4,0,0,0
"59",RN,extrême-droite,FEMININ,6,5,2,1
"59",RN,extrême-droite,MASCULIN,13,13,9,5
"59",UXD,extrême-droite,FEMININ,1,1,0,0
"59",UXD,extrême-droite,MASCULIN,1,1,1,0
"59",EXG,extrême-gauche,FEMININ,12,0,0,0
"59",EXG,extrême-gauche,MASCULIN,16,0,0,0
"59",DVG,gauche,FEMININ,2,0,0,0
"59",DVG,gauche,MASCULIN,3,1,0,0
"59",UG,gauche,FEMININ,7,5,0,0
"59",UG,gauche,MASCULIN,13,12,4,0
"60",DVC,centre,FEMININ,1,0,0,0
"60",DVC,centre,MASCULIN,1,0,0,0
"60",ENS,centre,FEMININ,1,0,0,0
"60",ENS,centre,MASCULIN,4,1,0,0
"60",UDI,centre,FEMININ,1,0,0,0
"60",UDI,centre,MASCULIN,1,1,0,0
"60",DIV,divers,FEMININ,1,0,0,0
"60",DVD,droite,FEMININ,1,0,0,0
"60",LR,droite,MASCULIN,5,3,0,0
"60",DSV,extrême-droite,FEMININ,1,0,0,0
"60",DSV,extrême-droite,MASCULIN,2,0,0,0
"60",REC,extrême-droite,FEMININ,1,0,0,0
"60",REC,extrême-droite,MASCULIN,5,0,0,0
"60",RN,extrême-droite,FEMININ,1,1,1,0
"60",RN,extrême-droite,MASCULIN,6,6,6,1
"60",EXG,extrême-gauche,FEMININ,4,0,0,0
"60",EXG,extrême-gauche,MASCULIN,3,0,0,0
"60",ECO,gauche,FEMININ,1,0,0,0
"60",ECO,gauche,MASCULIN,2,0,0,0
"60",UG,gauche,FEMININ,2,0,0,0
"60",UG,gauche,MASCULIN,5,4,0,0
"61",DVC,centre,FEMININ,1,0,0,0
"61",ENS,centre,FEMININ,2,1,0,0
"61",DIV,divers,MASCULIN,1,0,0,0
"61",DVD,droite,FEMININ,1,1,0,0
"61",DVD,droite,MASCULIN,2,1,1,0
"61",DSV,extrême-droite,FEMININ,1,0,0,0
"61",DSV,extrême-droite,MASCULIN,1,0,0,0
"61",REC,extrême-droite,FEMININ,1,0,0,0
"61",REC,extrême-droite,MASCULIN,2,0,0,0
"61",RN,extrême-droite,FEMININ,2,2,1,0
"61",RN,extrême-droite,MASCULIN,1,1,1,0
"61",EXG,extrême-gauche,FEMININ,2,0,0,0
"61",EXG,extrême-gauche,MASCULIN,1,0,0,0
"61",UG,gauche,FEMININ,1,1,0,0
"61",UG,gauche,MASCULIN,2,1,0,0
"62",DVC,centre,MASCULIN,3,0,0,0
"62",ENS,centre,FEMININ,2,2,0,0
"62",ENS,centre,MASCULIN,8,3,0,0
"62",UDI,centre,MASCULIN,2,0,0,0
"62",DIV,divers,MASCULIN,3,0,0,0
"62",DVD,droite,MASCULIN,1,0,0,0
"62",LR,droite,FEMININ,3,0,0,0
"62",LR,droite,MASCULIN,5,1,0,0
"62",REC,extrême-droite,FEMININ,3,0,0,0
"62",REC,extrême-droite,MASCULIN,3,0,0,0
"62",RN,extrême-droite,FEMININ,3,3,3,2
"62",RN,extrême-droite,MASCULIN,9,9,9,4
"62",EXG,extrême-gauche,FEMININ,5,0,0,0
"62",EXG,extrême-gauche,MASCULIN,7,0,0,0
"62",DVG,gauche,MASCULIN,2,0,0,0
"62",ECO,gauche,MASCULIN,1,0,0,0
"62",UG,gauche,FEMININ,5,1,0,0
"62",UG,gauche,MASCULIN,7,4,0,0
"63",ENS,centre,FEMININ,3,2,0,0
"63",ENS,centre,MASCULIN,2,1,0,0
"63",DVD,droite,MASCULIN,1,0,0,0
"63",LR,droite,FEMININ,3,0,0,0
"63",LR,droite,MASCULIN,2,0,0,0
"63",REC,extrême-droite,FEMININ,2,0,0,0
"63",REC,extrême-droite,MASCULIN,1,0,0,0
"63",RN,extrême-droite,FEMININ,3,3,0,0
"63",RN,extrême-droite,MASCULIN,2,2,1,0
"63",EXG,extrême-gauche,FEMININ,2,0,0,0
"63",EXG,extrême-gauche,MASCULIN,3,0,0,0
"63",DVG,gauche,MASCULIN,1,0,0,0
"63",UG,gauche,FEMININ,3,3,2,0
"63",UG,gauche,MASCULIN,2,2,2,0
"64",DVC,centre,FEMININ,1,0,0,0
"64",ENS,centre,FEMININ,2,2,0,0
"64",ENS,centre,MASCULIN,2,2,0,0
"64",DIV,divers,FEMININ,1,0,0,0
"64",DIV,divers,MASCULIN,2,0,0,0
"64",REG,divers,FEMININ,2,0,0,0
"64",REG,divers,MASCULIN,4,0,0,0
"64",DVD,droite,MASCULIN,1,1,0,0
"64",LR,droite,FEMININ,3,0,0,0
"64",LR,droite,MASCULIN,3,0,0,0
"64",REC,extrême-droite,MASCULIN,1,0,0,0
"64",RN,extrême-droite,FEMININ,2,2,1,0
"64",RN,extrême-droite,MASCULIN,3,3,1,0
"64",UXD,extrême-droite,MASCULIN,1,1,0,0
"64",EXG,extrême-gauche,FEMININ,2,0,0,0
"64",EXG,extrême-gauche,MASCULIN,4,0,0,0
"64",DVG,gauche,MASCULIN,2,2,1,0
"64",ECO,gauche,FEMININ,1,0,0,0
"64",ECO,gauche,MASCULIN,3,0,0,0
"64",UG,gauche,FEMININ,2,1,1,0
"64",UG,gauche,MASCULIN,4,3,2,0
"65",ENS,centre,MASCULIN,1,1,0,0
"65",DIV,divers,MASCULIN,3,1,0,0
"65",REG,divers,MASCULIN,1,0,0,0
"65",LR,droite,MASCULIN,2,0,0,0
"65",REC,extrême-droite,FEMININ,1,0,0,0
"65",REC,extrême-droite,MASCULIN,1,0,0,0
"65",RN,extrême-droite,FEMININ,1,1,1,0
"65",RN,extrême-droite,MASCULIN,1,1,1,0
"65",EXG,extrême-gauche,FEMININ,1,0,0,0
"65",EXG,extrême-gauche,MASCULIN,1,0,0,0
"65",UG,gauche,FEMININ,1,1,0,0
"65",UG,gauche,MASCULIN,1,1,0,0
"66",DVC,centre,FEMININ,1,0,0,0
"66",DVC,centre,MASCULIN,1,1,0,0
"66",ENS,centre,FEMININ,2,1,0,0
"66",ENS,centre,MASCULIN,1,0,0,0
"66",REG,divers,FEMININ,4,0,0,0
"66",LR,droite,MASCULIN,2,0,0,0
"66",REC,extrême-droite,FEMININ,2,0,0,0
"66",REC,extrême-droite,MASCULIN,2,0,0,0
"66",RN,extrême-droite,FEMININ,4,4,4,1
"66",EXG,extrême-gauche,FEMININ,3,0,0,0
"66",EXG,extrême-gauche,MASCULIN,1,0,0,0
"66",UG,gauche,FEMININ,1,1,0,0
"66",UG,gauche,MASCULIN,3,3,0,0
"67",ENS,centre,FEMININ,4,4,0,0
"67",ENS,centre,MASCULIN,5,4,0,0
"67",DIV,divers,MASCULIN,5,0,0,0
"67",REG,divers,FEMININ,6,0,0,0
"67",REG,divers,MASCULIN,2,0,0,0
"67",DVD,droite,FEMININ,1,0,0,0
"67",DVD,droite,MASCULIN,3,0,0,0
"67",LR,droite,FEMININ,2,0,0,0
"67",LR,droite,MASCULIN,5,1,0,0
"67",DSV,extrême-droite,FEMININ,2,0,0,0
"67",DSV,extrême-droite,MASCULIN,1,0,0,0
"67",REC,extrême-droite,FEMININ,1,0,0,0
"67",REC,extrême-droite,MASCULIN,6,0,0,0
"67",RN,extrême-droite,FEMININ,4,3,1,0
"67",RN,extrême-droite,MASCULIN,5,5,5,0
"67",EXG,extrême-gauche,FEMININ,4,0,0,0
"67",EXG,extrême-gauche,MASCULIN,9,0,0,0
"67",DVG,gauche,FEMININ,1,0,0,0
"67",DVG,gauche,MASCULIN,4,0,0,0
"67",ECO,gauche,FEMININ,2,0,0,0
"67",ECO,gauche,MASCULIN,5,0,0,0
"67",UG,gauche,FEMININ,3,2,1,0
"67",UG,gauche,MASCULIN,6,2,2,0
"68",ENS,centre,FEMININ,1,1,0,0
"68",ENS,centre,MASCULIN,4,4,1,0
"68",DIV,divers,FEMININ,1,0,0,0
"68",REG,divers,MASCULIN,7,0,0,0
"68",DVD,droite,MASCULIN,3,0,0,0
"68",LR,droite,MASCULIN,2,1,0,0
"68",DSV,extrême-droite,FEMININ,3,0,0,0
"68",DSV,extrême-droite,MASCULIN,1,0,0,0
"68",REC,extrême-droite,FEMININ,3,0,0,0
"68",REC,extrême-droite,MASCULIN,3,0,0,0
"68",RN,extrême-droite,FEMININ,3,3,3,0
"68",RN,extrême-droite,MASCULIN,3,3,2,0
"68",EXG,extrême-gauche,FEMININ,1,0,0,0
"68",EXG,extrême-gauche,MASCULIN,5,0,0,0
"68",DVG,gauche,MASCULIN,2,0,0,0
"68",ECO,gauche,FEMININ,2,0,0,0
"68",ECO,gauche,MASCULIN,3,0,0,0
"68",UG,gauche,FEMININ,5,2,0,0
"68",UG,gauche,MASCULIN,1,0,0,0
"69",ENS,centre,FEMININ,4,4,1,0
"69",ENS,centre,MASCULIN,9,7,1,0
"69",UDI,centre,MASCULIN,1,0,0,0
"69",DIV,divers,FEMININ,1,0,0,0
"69",DIV,divers,MASCULIN,6,0,0,0
"69",REG,divers,MASCULIN,1,0,0,0
"69",DVD,droite,MASCULIN,2,0,0,0
"69",LR,droite,FEMININ,6,1,0,0
"69",LR,droite,MASCULIN,8,1,0,0
"69",REC,extrême-droite,FEMININ,8,0,0,0
"69",REC,extrême-droite,MASCULIN,3,0,0,0
"69",RN,extrême-droite,FEMININ,7,4,1,0
"69",RN,extrême-droite,MASCULIN,5,5,1,0
"69",UXD,extrême-droite,MASCULIN,2,2,2,0
"69",EXG,extrême-gauche,FEMININ,10,0,0,0
"69",EXG,extrême-gauche,MASCULIN,10,0,0,0
"69",DVG,gauche,MASCULIN,2,1,0,0
"69",ECO,gauche,FEMININ,2,0,0,0
"69",ECO,gauche,MASCULIN,3,0,0,0
"69",UG,gauche,FEMININ,6,6,4,1
"69",UG,gauche,MASCULIN,8,8,4,0
"70",ENS,centre,MASCULIN,2,1,0,0
"70",DIV,divers,MASCULIN,1,0,0,0
"70",LR,droite,MASCULIN,1,0,0,0
"70",REC,extrême-droite,MASCULIN,2,0,0,0
"70",RN,extrême-droite,MASCULIN,2,2,2,1
"70",EXG,extrême-gauche,FEMININ,1,0,0,0
"70",EXG,extrême-gauche,MASCULIN,1,0,0,0
"70",UG,gauche,MASCULIN,2,1,0,0
"71",ENS,centre,MASCULIN,4,3,0,0
"71",DIV,divers,MASCULIN,1,0,0,0
"71",DVD,droite,MASCULIN,3,1,0,0
"71",LR,droite,FEMININ,1,1,0,0
"71",LR,droite,MASCULIN,2,1,0,0
"71",DSV,extrême-droite,FEMININ,2,0,0,0
"71",DSV,extrême-droite,MASCULIN,1,0,0,0
"71",RN,extrême-droite,FEMININ,1,1,1,0
"71",RN,extrême-droite,MASCULIN,3,3,3,0
"71",UXD,extrême-droite,MASCULIN,1,1,1,0
"71",EXG,extrême-gauche,FEMININ,1,0,0,0
"71",EXG,extrême-gauche,MASCULIN,4,0,0,0
"71",UG,gauche,FEMININ,2,2,0,0
"71",UG,gauche,MASCULIN,3,2,0,0
"72",ENS,centre,FEMININ,2,2,0,0
"72",ENS,centre,MASCULIN,2,2,0,0
"72",UDI,centre,MASCULIN,1,1,0,0
"72",DIV,divers,MASCULIN,1,0,0,0
"72",REG,divers,MASCULIN,1,0,0,0
"72",DVD,droite,MASCULIN,1,0,0,0
"72",LR,droite,MASCULIN,3,0,0,0
"72",DSV,extrême-droite,FEMININ,1,0,0,0
"72",DSV,extrême-droite,MASCULIN,1,0,0,0
"72",REC,extrême-droite,MASCULIN,1,0,0,0
"72",RN,extrême-droite,FEMININ,2,2,2,0
"72",RN,extrême-droite,MASCULIN,2,2,2,0
"72",UXD,extrême-droite,MASCULIN,1,1,0,0
"72",EXG,extrême-gauche,FEMININ,3,0,0,0
"72",EXG,extrême-gauche,MASCULIN,2,0,0,0
"72",UG,gauche,FEMININ,4,3,1,0
"72",UG,gauche,MASCULIN,1,1,0,0
"73",ENS,centre,FEMININ,2,2,0,0
"73",UDI,centre,MASCULIN,1,0,0,0
"73",DIV,divers,MASCULIN,1,0,0,0
"73",REG,divers,FEMININ,1,0,0,0
"73",LR,droite,FEMININ,1,1,1,0
"73",LR,droite,MASCULIN,1,1,1,0
"73",DSV,extrême-droite,MASCULIN,3,0,0,0
"73",REC,extrême-droite,FEMININ,1,0,0,0
"73",REC,extrême-droite,MASCULIN,1,0,0,0
"73",RN,extrême-droite,FEMININ,2,2,0,0
"73",RN,extrême-droite,MASCULIN,1,1,0,0
"73",UXD,extrême-droite,FEMININ,1,1,1,0
"73",EXG,extrême-gauche,FEMININ,3,0,0,0
"73",EXG,extrême-gauche,MASCULIN,1,0,0,0
"73",ECO,gauche,MASCULIN,1,0,0,0
"73",UG,gauche,FEMININ,2,2,0,0
"73",UG,gauche,MASCULIN,2,2,1,0
"74",DVC,centre,MASCULIN,1,0,0,0
"74",ENS,centre,FEMININ,2,2,1,0
"74",ENS,centre,MASCULIN,2,2,1,0
"74",DIV,divers,MASCULIN,2,0,0,0
"74",REG,divers,FEMININ,2,0,0,0
"74",REG,divers,MASCULIN,3,0,0,0
"74",DVD,droite,FEMININ,2,1,0,0
"74",LR,droite,FEMININ,1,1,1,0
"74",LR,droite,MASCULIN,3,0,0,0
"74",REC,extrême-droite,FEMININ,2,0,0,0
"74",REC,extrême-droite,MASCULIN,1,0,0,0
"74",RN,extrême-droite,FEMININ,1,1,0,0
"74",RN,extrême-droite,MASCULIN,2,2,0,0
"74",UXD,extrême-droite,MASCULIN,3,3,3,0
"74",EXG,extrême-gauche,FEMININ,3,0,0,0
"74",EXG,extrême-gauche,MASCULIN,4,0,0,0
"74",UG,gauche,FEMININ,2,2,0,0
"74",UG,gauche,MASCULIN,4,4,0,0
"75",DVC,centre,FEMININ,10,0,0,0
"75",DVC,centre,MASCULIN,18,1,0,0
"75",ENS,centre,FEMININ,8,7,2,0
"75",ENS,centre,MASCULIN,10,9,3,0
"75",DIV,divers,FEMININ,2,0,0,0
"75",DIV,divers,MASCULIN,6,0,0,0
"75",REG,divers,FEMININ,3,0,0,0
"75",REG,divers,MASCULIN,1,0,0,0
"75",DVD,droite,FEMININ,3,0,0,0
"75",DVD,droite,MASCULIN,6,1,0,0
"75",LR,droite,FEMININ,4,0,0,0
"75",LR,droite,MASCULIN,10,1,0,0
"75",DSV,extrême-droite,FEMININ,3,0,0,0
"75",DSV,extrême-droite,MASCULIN,1,0,0,0
"75",EXD,extrême-droite,FEMININ,1,0,0,0
"75",EXD,extrême-droite,MASCULIN,1,0,0,0
"75",REC,extrême-droite,FEMININ,10,0,0,0
"75",REC,extrême-droite,MASCULIN,8,0,0,0
"75",RN,extrême-droite,FEMININ,15,0,0,0
"75",UXD,extrême-droite,MASCULIN,3,1,0,0
"75",EXG,extrême-gauche,FEMININ,22,0,0,0
"75",EXG,extrême-gauche,MASCULIN,16,0,0,0
"75",DVG,gauche,FEMININ,6,1,1,0
"75",DVG,gauche,MASCULIN,6,0,0,0
"75",ECO,gauche,FEMININ,6,0,0,0
"75",ECO,gauche,MASCULIN,7,0,0,0
"75",UG,gauche,FEMININ,12,12,8,5
"75",UG,gauche,MASCULIN,6,5,4,4
"76",DVC,centre,FEMININ,1,0,0,0
"76",DVC,centre,MASCULIN,1,0,0,0
"76",ENS,centre,FEMININ,1,1,0,0
"76",ENS,centre,MASCULIN,1,1,0,0
"76",HOR,centre,FEMININ,3,2,1,0
"76",HOR,centre,MASCULIN,4,3,0,0
"76",DIV,divers,MASCULIN,1,0,0,0
"76",DVD,droite,MASCULIN,3,0,0,0
"76",LR,droite,MASCULIN,4,0,0,0
"76",DSV,extrême-droite,FEMININ,2,0,0,0
"76",DSV,extrême-droite,MASCULIN,2,0,0,0
"76",REC,extrême-droite,FEMININ,2,0,0,0
"76",REC,extrême-droite,MASCULIN,7,0,0,0
"76",RN,extrême-droite,FEMININ,4,4,1,0
"76",RN,extrême-droite,MASCULIN,6,6,5,0
"76",EXG,extrême-gauche,FEMININ,3,0,0,0
"76",EXG,extrême-gauche,MASCULIN,8,0,0,0
"76",DVG,gauche,FEMININ,2,0,0,0
"76",DVG,gauche,MASCULIN,2,0,0,0
"76",UG,gauche,FEMININ,4,3,1,0
"76",UG,gauche,MASCULIN,6,5,2,0
"77",DVC,centre,FEMININ,1,0,0,0
"77",DVC,centre,MASCULIN,1,0,0,0
"77",ENS,centre,FEMININ,3,2,0,0
"77",ENS,centre,MASCULIN,4,3,0,0
"77",UDI,centre,FEMININ,1,0,0,0
"77",UDI,centre,MASCULIN,2,0,0,0
"77",DIV,divers,MASCULIN,2,0,0,0
"77",REG,divers,FEMININ,2,0,0,0
"77",REG,divers,MASCULIN,1,0,0,0
"77",DVD,droite,MASCULIN,4,2,0,0
"77",LR,droite,FEMININ,1,1,0,0
"77",LR,droite,MASCULIN,2,1,0,0
"77",DSV,extrême-droite,FEMININ,6,0,0,0
"77",REC,extrême-droite,FEMININ,1,0,0,0
"77",REC,extrême-droite,MASCULIN,6,0,0,0
"77",RN,extrême-droite,FEMININ,5,5,3,0
"77",RN,extrême-droite,MASCULIN,3,3,3,0
"77",UXD,extrême-droite,MASCULIN,2,2,1,0
"77",EXG,extrême-gauche,FEMININ,7,0,0,0
"77",EXG,extrême-gauche,MASCULIN,5,0,0,0
"77",DVG,gauche,MASCULIN,1,0,0,0
"77",ECO,gauche,MASCULIN,2,0,0,0
"77",UG,gauche,FEMININ,6,6,0,0
"77",UG,gauche,MASCULIN,5,5,4,1
"78",DVC,centre,FEMININ,2,0,0,0
"78",ENS,centre,FEMININ,6,6,5,0
"78",ENS,centre,MASCULIN,5,4,3,0
"78",UDI,centre,MASCULIN,2,1,0,0
"78",DIV,divers,FEMININ,2,0,0,0
"78",DIV,divers,MASCULIN,9,0,0,0
"78",DVD,droite,MASCULIN,3,1,0,0
"78",LR,droite,FEMININ,1,0,0,0
"78",LR,droite,MASCULIN,6,0,0,0
"78",DSV,extrême-droite,FEMININ,1,0,0,0
"78",DSV,extrême-droite,MASCULIN,1,0,0,0
"78",REC,extrême-droite,FEMININ,6,0,0,0
"78",REC,extrême-droite,MASCULIN,6,0,0,0
"78",RN,extrême-droite,FEMININ,3,3,0,0
"78",RN,extrême-droite,MASCULIN,5,5,1,0
"78",UXD,extrême-droite,FEMININ,1,1,0,0
"78",UXD,extrême-droite,MASCULIN,2,2,0,0
"78",EXG,extrême-gauche,FEMININ,3,0,0,0
"78",EXG,extrême-gauche,MASCULIN,11,0,0,0
"78",DVG,gauche,MASCULIN,2,0,0,0
"78",ECO,gauche,FEMININ,1,0,0,0
"78",ECO,gauche,MASCULIN,3,0,0,0
"78",RDG,gauche,MASCULIN,1,0,0,0
"78",UG,gauche,FEMININ,4,4,0,0
"78",UG,gauche,MASCULIN,8,8,3,0
"79",DVC,centre,MASCULIN,1,1,1,0
"79",ENS,centre,MASCULIN,2,1,0,0
"79",LR,droite,FEMININ,1,0,0,0
"79",LR,droite,MASCULIN,1,0,0,0
"79",REC,extrême-droite,FEMININ,1,0,0,0
"79",REC,extrême-droite,MASCULIN,1,0,0,0
"79",RN,extrême-droite,FEMININ,2,2,0,0
"79",UXD,extrême-droite,MASCULIN,1,1,1,0
"79",EXG,extrême-gauche,FEMININ,2,0,0,0
"79",EXG,extrême-gauche,MASCULIN,1,0,0,0
"79",DVG,gauche,MASCULIN,2,0,0,0
"79",ECO,gauche,FEMININ,1,1,1,0
"79",UG,gauche,FEMININ,2,1,0,0
"80",DVC,centre,FEMININ,1,0,0,0
"80",DVC,centre,MASCULIN,3,0,0,0
"80",ENS,centre,FEMININ,1,1,0,0
"80",ENS,centre,MASCULIN,4,3,0,0
"80",LR,droite,FEMININ,2,0,0,0
"80",LR,droite,MASCULIN,2,1,0,0
"80",DSV,extrême-droite,MASCULIN,2,0,0,0
"80",REC,extrême-droite,FEMININ,3,0,0,0
"80",RN,extrême-droite,FEMININ,2,2,2,1
"80",RN,extrême-droite,MASCULIN,3,3,2,0
"80",EXG,extrême-gauche,FEMININ,1,0,0,0
"80",EXG,extrême-gauche,MASCULIN,4,0,0,0
"80",UG,gauche,FEMININ,3,1,1,0
"80",UG,gauche,MASCULIN,2,1,0,0
"81",DVC,centre,MASCULIN,1,1,0,0
"81",ENS,centre,MASCULIN,2,2,0,0
"81",REG,divers,FEMININ,1,0,0,0
"81",REG,divers,MASCULIN,1,0,0,0
"81",LR,droite,MASCULIN,1,0,0,0
"81",DSV,extrême-droite,MASCULIN,1,0,0,0
"81",REC,extrême-droite,MASCULIN,2,0,0,0
"81",RN,extrême-droite,MASCULIN,2,2,2,0
"81",UXD,extrême-droite,MASCULIN,1,1,1,0
"81",EXG,extrême-gauche,FEMININ,1,0,0,0
"81",EXG,extrême-gauche,MASCULIN,2,0,0,0
"81",DVG,gauche,MASCULIN,1,0,0,0
"81",UG,gauche,FEMININ,2,2,0,0
"81",UG,gauche,MASCULIN,1,1,0,0
"82",DVC,centre,MASCULIN,1,0,0,0
"82",ENS,centre,FEMININ,1,0,0,0
"82",ENS,centre,MASCULIN,1,0,0,0
"82",DIV,divers,MASCULIN,1,0,0,0
"82",REG,divers,FEMININ,1,0,0,0
"82",RN,extrême-droite,FEMININ,1,1,1,0
"82",UXD,extrême-droite,FEMININ,1,1,1,0
"82",EXG,extrême-gauche,FEMININ,1,0,0,0
"82",EXG,extrême-gauche,MASCULIN,1,0,0,0
"82",RDG,gauche,FEMININ,1,0,0,0
"82",UG,gauche,FEMININ,2,2,0,0
"83",DVC,centre,MASCULIN,1,0,0,0
"83",ENS,centre,FEMININ,4,3,0,0
"83",ENS,centre,MASCULIN,3,2,0,0
"83",UDI,centre,MASCULIN,1,0,0,0
"83",DIV,divers,MASCULIN,2,0,0,0
"83",REG,divers,FEMININ,1,0,0,0
"83",REG,divers,MASCULIN,1,0,0,0
"83",LR,droite,FEMININ,2,0,0,0
"83",LR,droite,MASCULIN,3,0,0,0
"83",DSV,extrême-droite,FEMININ,1,0,0,0
"83",REC,extrême-droite,FEMININ,3,0,0,0
"83",REC,extrême-droite,MASCULIN,3,0,0,0
"83",RN,extrême-droite,FEMININ,2,2,2,2
"83",RN,extrême-droite,MASCULIN,6,6,6,3
"83",EXG,extrême-gauche,FEMININ,1,0,0,0
"83",EXG,extrême-gauche,MASCULIN,7,0,0,0
"83",ECO,gauche,FEMININ,3,0,0,0
"83",ECO,gauche,MASCULIN,4,0,0,0
"83",UG,gauche,FEMININ,6,2,0,0
"83",UG,gauche,MASCULIN,2,1,0,0
"84",ENS,centre,FEMININ,4,1,0,0
"84",ENS,centre,MASCULIN,1,1,0,0
"84",UDI,centre,MASCULIN,1,0,0,0
"84",DIV,divers,MASCULIN,1,0,0,0
"84",REG,divers,FEMININ,2,0,0,0
"84",LR,droite,FEMININ,1,0,0,0
"84",LR,droite,MASCULIN,4,0,0,0
"84",REC,extrême-droite,FEMININ,1,0,0,0
"84",REC,extrême-droite,MASCULIN,4,0,0,0
"84",RN,extrême-droite,FEMININ,4,4,4,0
"84",RN,extrême-droite,MASCULIN,1,1,1,1
"84",EXG,extrême-gauche,MASCULIN,4,0,0,0
"84",DVG,gauche,MASCULIN,1,0,0,0
"84",UG,gauche,FEMININ,3,3,0,0
"84",UG,gauche,MASCULIN,2,2,0,0
"85",DVC,centre,MASCULIN,1,0,0,0
"85",ENS,centre,FEMININ,1,1,1,0
"85",ENS,centre,MASCULIN,4,4,0,0
"85",DVD,droite,FEMININ,1,1,1,0
"85",DVD,droite,MASCULIN,1,0,0,0
"85",LR,droite,MASCULIN,1,0,0,0
"85",DSV,extrême-droite,FEMININ,2,0,0,0
"85",DSV,extrême-droite,MASCULIN,1,0,0,0
"85",EXD,extrême-droite,MASCULIN,1,0,0,0
"85",RN,extrême-droite,FEMININ,1,1,0,0
"85",RN,extrême-droite,MASCULIN,2,2,1,0
"85",UXD,extrême-droite,MASCULIN,2,2,2,0
"85",EXG,extrême-gauche,FEMININ,3,0,0,0
"85",EXG,extrême-gauche,MASCULIN,2,0,0,0
"85",UG,gauche,FEMININ,3,2,0,0
"85",UG,gauche,MASCULIN,2,2,0,0
"86",DVC,centre,MASCULIN,1,0,0,0
"86",ENS,centre,MASCULIN,3,3,1,0
"86",HOR,centre,FEMININ,1,1,0,0
"86",DVD,droite,MASCULIN,1,0,0,0
"86",DSV,extrême-droite,FEMININ,1,0,0,0
"86",RN,extrême-droite,FEMININ,3,3,1,0
"86",RN,extrême-droite,MASCULIN,1,1,1,0
"86",EXG,extrême-gauche,FEMININ,2,0,0,0
"86",EXG,extrême-gauche,MASCULIN,2,0,0,0
"86",DVG,gauche,MASCULIN,2,0,0,0
"86",ECO,gauche,FEMININ,1,0,0,0
"86",UG,gauche,FEMININ,3,3,1,0
"86",UG,gauche,MASCULIN,1,1,0,0
"87",DVC,centre,MASCULIN,1,1,0,0
"87",ENS,centre,FEMININ,2,2,0,0
"87",DSV,extrême-droite,FEMININ,1,0,0,0
"87",DSV,extrême-droite,MASCULIN,1,0,0,0
"87",RN,extrême-droite,FEMININ,2,2,1,0
"87",RN,extrême-droite,MASCULIN,1,1,0,0
"87",EXG,extrême-gauche,FEMININ,2,0,0,0
"87",EXG,extrême-gauche,MASCULIN,1,0,0,0
"87",UG,gauche,FEMININ,1,1,1,0
"87",UG,gauche,MASCULIN,2,2,1,0
"88",DVC,centre,FEMININ,1,0,0,0
"88",DVC,centre,MASCULIN,1,0,0,0
"88",ENS,centre,MASCULIN,1,1,0,0
"88",DVD,droite,MASCULIN,2,2,2,0
"88",LR,droite,FEMININ,1,0,0,0
"88",LR,droite,MASCULIN,1,1,0,0
"88",REC,extrême-droite,FEMININ,1,0,0,0
"88",RN,extrême-droite,FEMININ,1,1,0,0
"88",RN,extrême-droite,MASCULIN,3,3,2,0
"88",EXG,extrême-gauche,FEMININ,4,0,0,0
"88",ECO,gauche,MASCULIN,1,0,0,0
"88",UG,gauche,FEMININ,2,0,0,0
"88",UG,gauche,MASCULIN,2,0,0,0
"89",ENS,centre,FEMININ,1,0,0,0
"89",ENS,centre,MASCULIN,2,1,0,0
"89",DVD,droite,MASCULIN,1,0,0,0
"89",LR,droite,FEMININ,1,0,0,0
"89",DSV,extrême-droite,MASCULIN,1,0,0,0
"89",REC,extrême-droite,FEMININ,2,0,0,0
"89",REC,extrême-droite,MASCULIN,1,0,0,0
"89",RN,extrême-droite,MASCULIN,2,2,2,1
"89",UXD,extrême-droite,FEMININ,1,1,1,0
"89",EXG,extrême-gauche,FEMININ,3,0,0,0
"89",EXG,extrême-gauche,MASCULIN,1,0,0,0
"89",ECO,gauche,FEMININ,1,0,0,0
"89",UG,gauche,FEMININ,1,1,0,0
"89",UG,gauche,MASCULIN,2,2,0,0
"90",ENS,centre,FEMININ,2,0,0,0
"90",REG,divers,FEMININ,2,0,0,0
"90",LR,droite,MASCULIN,2,1,0,0
"90",DSV,extrême-droite,FEMININ,1,0,0,0
"90",RN,extrême-droite,FEMININ,1,1,1,0
"90",RN,extrême-droite,MASCULIN,1,1,1,0
"90",EXG,extrême-gauche,FEMININ,1,0,0,0
"90",EXG,extrême-gauche,MASCULIN,1,0,0,0
"90",UG,gauche,FEMININ,1,1,0,0
"90",UG,gauche,MASCULIN,1,1,0,0
"91",DVC,centre,MASCULIN,1,0,0,0
"91",ENS,centre,FEMININ,4,3,1,0
"91",ENS,centre,MASCULIN,3,3,0,0
"91",DIV,divers,FEMININ,3,0,0,0
"91",DIV,divers,MASCULIN,9,1,0,0
"91",DVD,droite,MASCULIN,5,1,0,0
"91",LR,droite,FEMININ,1,0,0,0
"91",LR,droite,MASCULIN,1,0,0,0
"91",DSV,extrême-droite,MASCULIN,1,1,0,0
"91",REC,extrême-droite,FEMININ,5,0,0,0
"91",REC,extrême-droite,MASCULIN,3,0,0,0
"91",RN,extrême-droite,FEMININ,4,3,1,0
"91",RN,extrême-droite,MASCULIN,4,4,1,0
"91",UXD,extrême-droite,MASCULIN,1,1,0,0
"91",EXG,extrême-gauche,FEMININ,5,0,0,0
"91",EXG,extrême-gauche,MASCULIN,4,0,0,0
"91",DVG,gauche,FEMININ,1,1,0,0
"91",DVG,gauche,MASCULIN,1,0,0,0
"91",ECO,gauche,FEMININ,2,0,0,0
"91",ECO,gauche,MASCULIN,6,0,0,0
"91",UG,gauche,FEMININ,3,3,3,0
"91",UG,gauche,MASCULIN,7,7,4,0
"92",DVC,centre,FEMININ,3,0,0,0
"92",DVC,centre,MASCULIN,6,0,0,0
"92",ENS,centre,FEMININ,6,6,3,0
"92",ENS,centre,MASCULIN,4,3,3,1
"92",UDI,centre,FEMININ,1,0,0,0
"92",UDI,centre,MASCULIN,1,0,0,0
"92",DIV,divers,MASCULIN,3,0,0,0
"92",DVD,droite,MASCULIN,1,0,0,0
"92",LR,droite,FEMININ,4,0,0,0
"92",LR,droite,MASCULIN,6,4,3,1
"92",REC,extrême-droite,FEMININ,6,0,0,0
"92",REC,extrême-droite,MASCULIN,7,0,0,0
"92",RN,extrême-droite,FEMININ,7,1,0,0
"92",RN,extrême-droite,MASCULIN,2,0,0,0
"92",UXD,extrême-droite,FEMININ,2,0,0,0
"92",UXD,extrême-droite,MASCULIN,2,0,0,0
"92",EXG,extrême-gauche,FEMININ,10,0,0,0
"92",EXG,extrême-gauche,MASCULIN,6,0,0,0
"92",DVG,gauche,FEMININ,2,0,0,0
"92",DVG,gauche,MASCULIN,7,0,0,0
"92",ECO,gauche,FEMININ,2,0,0,0
"92",ECO,gauche,MASCULIN,3,0,0,0
"92",UG,gauche,FEMININ,8,8,2,1
"92",UG,gauche,MASCULIN,5,5,2,1
"93",DVC,centre,FEMININ,2,0,0,0
"93",DVC,centre,MASCULIN,2,0,0,0
"93",ENS,centre,FEMININ,5,0,0,0
"93",ENS,centre,MASCULIN,3,0,0,0
"93",UDI,centre,FEMININ,2,1,0,0
"93",DIV,divers,FEMININ,3,0,0,0
"93",DIV,divers,MASCULIN,6,0,0,0
"93",DVD,droite,FEMININ,2,0,0,0
"93",DVD,droite,MASCULIN,6,0,0,0
"93",LR,droite,MASCULIN,7,0,0,0
"93",EXD,extrême-droite,MASCULIN,1,0,0,0
"93",REC,extrême-droite,MASCULIN,3,0,0,0
"93",RN,extrême-droite,FEMININ,6,0,0,0
"93",RN,extrême-droite,MASCULIN,6,3,0,0
"93",EXG,extrême-gauche,FEMININ,12,0,0,0
"93",EXG,extrême-gauche,MASCULIN,13,0,0,0
"93",DVG,gauche,FEMININ,2,1,0,0
"93",DVG,gauche,MASCULIN,2,1,1,0
"93",ECO,gauche,FEMININ,2,0,0,0
"93",FI,gauche,MASCULIN,1,1,0,0
"93",UG,gauche,FEMININ,6,6,5,3
"93",UG,gauche,MASCULIN,6,6,6,3
"94",DVC,centre,FEMININ,4,0,0,0
"94",DVC,centre,MASCULIN,1,0,0,0
"94",ENS,centre,FEMININ,4,2,0,0
"94",ENS,centre,MASCULIN,5,4,1,0
"94",UDI,centre,MASCULIN,1,0,0,0
"94",DIV,divers,MASCULIN,1,0,0,0
"94",DVD,droite,MASCULIN,5,1,0,0
"94",LR,droite,MASCULIN,4,2,1,0
"94",DSV,extrême-droite,FEMININ,1,0,0,0
"94",DSV,extrême-droite,MASCULIN,1,0,0,0
"94",EXD,extrême-droite,FEMININ,2,0,0,0
"94",REC,extrême-droite,FEMININ,5,0,0,0
"94",REC,extrême-droite,MASCULIN,6,0,0,0
"94",RN,extrême-droite,FEMININ,6,2,0,0
"94",RN,extrême-droite,MASCULIN,4,1,0,0
"94",UXD,extrême-droite,MASCULIN,1,1,0,0
"94",EXG,extrême-gauche,FEMININ,15,0,0,0
"94",EXG,extrême-gauche,MASCULIN,4,0,0,0
"94",DVG,gauche,MASCULIN,1,0,0,0
"94",ECO,gauche,FEMININ,2,0,0,0
"94",ECO,gauche,MASCULIN,2,0,0,0
"94",UG,gauche,FEMININ,6,6,6,4
"94",UG,gauche,MASCULIN,5,5,3,0
"95",DVC,centre,FEMININ,1,0,0,0
"95",DVC,centre,MASCULIN,2,0,0,0
"95",ENS,centre,FEMININ,7,4,0,0
"95",ENS,centre,MASCULIN,2,2,0,0
"95",UDI,centre,MASCULIN,3,0,0,0
"95",DIV,divers,FEMININ,4,0,0,0
"95",DIV,divers,MASCULIN,6,0,0,0
"95",REG,divers,MASCULIN,1,0,0,0
"95",DVD,droite,MASCULIN,1,0,0,0
"95",LR,droite,FEMININ,3,0,0,0
"95",LR,droite,MASCULIN,6,0,0,0
"95",DSV,extrême-droite,FEMININ,3,0,0,0
"95",DSV,extrême-droite,MASCULIN,1,0,0,0
"95",REC,extrême-droite,FEMININ,3,0,0,0
"95",REC,extrême-droite,MASCULIN,4,0,0,0
"95",RN,extrême-droite,FEMININ,6,6,1,0
"95",RN,extrême-droite,MASCULIN,3,1,0,0
"95",UXD,extrême-droite,MASCULIN,1,1,0,0
"95",EXG,extrême-gauche,FEMININ,8,0,0,0
"95",EXG,extrême-gauche,MASCULIN,12,0,0,0
"95",DVG,gauche,FEMININ,1,0,0,0
"95",ECO,gauche,FEMININ,2,0,0,0
"95",ECO,gauche,MASCULIN,1,0,0,0
"95",UG,gauche,FEMININ,3,3,3,0
"95",UG,gauche,MASCULIN,7,7,6,2
"971",DVC,centre,FEMININ,1,0,0,0
"971",DVC,centre,MASCULIN,2,0,0,0
"971",DIV,divers,FEMININ,4,0,0,0
"971",DIV,divers,MASCULIN,7,0,0,0
"971",REG,divers,FEMININ,1,0,0,0
"971",REG,divers,MASCULIN,2,0,0,0
"971",DVD,droite,MASCULIN,1,0,0,0
"971",LR,droite,MASCULIN,1,0,0,0
"971",REC,extrême-droite,FEMININ,3,0,0,0
"971",RN,extrême-droite,FEMININ,1,0,0,0
"971",RN,extrême-droite,MASCULIN,3,0,0,0
"971",EXG,extrême-gauche,FEMININ,2,0,0,0
"971",EXG,extrême-gauche,MASCULIN,1,0,0,0
"971",DVG,gauche,FEMININ,1,0,0,0
"971",DVG,gauche,MASCULIN,7,1,3,0
"971",SOC,gauche,MASCULIN,3,1,1,0
"971",UG,gauche,MASCULIN,1,0,0,0
"972",UDI,centre,MASCULIN,1,0,0,0
"972",DIV,divers,MASCULIN,1,0,0,0
"972",REG,divers,FEMININ,2,0,0,0
"972",REG,divers,MASCULIN,5,3,3,0
"972",DVD,droite,MASCULIN,4,0,0,0
"972",RN,extrême-droite,MASCULIN,4,0,0,0
"972",EXG,extrême-gauche,FEMININ,1,0,0,0
"972",EXG,extrême-gauche,MASCULIN,1,0,0,0
"972",DVG,gauche,FEMININ,2,0,0,0
"972",DVG,gauche,MASCULIN,3,0,1,0
"972",ECO,gauche,FEMININ,1,0,0,0
"972",ECO,gauche,MASCULIN,2,0,0,0
"972",SOC,gauche,FEMININ,1,0,0,0
"973",DVC,centre,FEMININ,1,0,0,0
"973",DVC,centre,MASCULIN,1,0,0,0
"973",REG,divers,FEMININ,1,0,0,0
"973",REG,divers,MASCULIN,2,2,2,0
"973",DVD,droite,MASCULIN,1,0,0,0
"973",RN,extrême-droite,MASCULIN,1,0,0,0
"973",EXG,extrême-gauche,MASCULIN,1,0,0,0
"973",DVG,gauche,MASCULIN,2,0,0,0
"974",DVC,centre,FEMININ,1,0,0,0
"974",DVC,centre,MASCULIN,2,0,0,0
"974",ENS,centre,FEMININ,1,0,0,0
"974",DIV,divers,FEMININ,3,0,0,0
"974",DIV,divers,MASCULIN,5,0,0,0
"974",REG,divers,MASCULIN,1,0,0,0
"974",DVD,droite,FEMININ,2,0,0,0
"974",DVD,droite,MASCULIN,7,0,0,0
"974",LR,droite,MASCULIN,1,0,0,0
"974",DSV,extrême-droite,FEMININ,2,0,0,0
"974",DSV,extrême-droite,MASCULIN,2,0,0,0
"974",EXD,extrême-droite,MASCULIN,1,0,0,0
"974",REC,extrême-droite,FEMININ,3,0,0,0
"974",REC,extrême-droite,MASCULIN,2,0,0,0
"974",RN,extrême-droite,FEMININ,2,0,0,0
"974",RN,extrême-droite,MASCULIN,5,3,1,0
"974",EXG,extrême-gauche,FEMININ,1,0,0,0
"974",EXG,extrême-gauche,MASCULIN,6,0,0,0
"974",DVG,gauche,FEMININ,4,1,1,0
"974",DVG,gauche,MASCULIN,6,2,2,0
"974",ECO,gauche,MASCULIN,1,0,0,0
"974",UG,gauche,FEMININ,1,1,1,0
"974",UG,gauche,MASCULIN,2,1,2,0
"976",DVC,centre,MASCULIN,2,0,0,0
"976",DIV,divers,MASCULIN,1,0,0,0
"976",DVD,droite,FEMININ,1,1,1,1
"976",DVD,droite,MASCULIN,2,0,0,0
"976",LR,droite,MASCULIN,1,0,0,0
"976",REC,extrême-droite,FEMININ,2,0,0,0
"976",RN,extrême-droite,FEMININ,1,1,1,0
"976",EXG,extrême-gauche,MASCULIN,1,0,0,0
"976",DVG,gauche,MASCULIN,1,0,0,0
