"dep_code","nuance","nuance_bloc","genre_candidat-es","voix_moyenne","voix_mediane","taux_voix/inscriptions_moyenne","taux_voix/exprimes_moyenne"
"01",ENS,centre,FEMININ,11728,11728.0,14.23,22.07
"01",ENS,centre,MASCULIN,12948,14367.0,13.39,19.25
"01",DIV,divers,FEMININ,34,34.0,0.04,0.06
"01",DIV,divers,MASCULIN,244,85.0,0.29,0.44
"01",DVD,droite,MASCULIN,9651,9651.0,12.39,18.73
"01",LR,droite,FEMININ,3663,3663.0,4.35,6.82
"01",LR,droite,MASCULIN,7509,6958.0,8.21,11.85
"01",DSV,extrême-droite,FEMININ,769,769.0,0.91,1.43
"01",DSV,extrême-droite,MASCULIN,256,255.5,0.30,0.43
"01",EXD,extrême-droite,MASCULIN,1863,1863.0,1.83,2.59
"01",REC,extrême-droite,FEMININ,429,429.0,0.55,0.83
"01",RN,extrême-droite,FEMININ,17252,17252.0,20.51,32.11
"01",RN,extrême-droite,MASCULIN,27410,28189.0,28.85,41.53
"01",UXD,extrême-droite,MASCULIN,20161,20161.0,25.88,39.12
"01",EXG,extrême-gauche,FEMININ,531,530.5,0.66,1.02
"01",EXG,extrême-gauche,MASCULIN,619,705.0,0.64,0.93
"01",ECO,gauche,MASCULIN,484,484.0,0.62,0.94
"01",UG,gauche,FEMININ,12828,12827.5,14.87,22.15
"01",UG,gauche,MASCULIN,14889,14188.0,16.35,24.06
"02",ENS,centre,FEMININ,10811,10811.0,13.10,20.73
"02",ENS,centre,MASCULIN,10414,10414.0,13.83,22.51
"02",DIV,divers,MASCULIN,316,316.0,0.44,0.69
"02",LR,droite,FEMININ,2665,2665.0,3.23,5.11
"02",LR,droite,MASCULIN,16288,16288.0,22.26,35.66
"02",DSV,extrême-droite,MASCULIN,1165,1165.0,1.77,2.85
"02",EXD,extrême-droite,MASCULIN,12065,12065.0,18.22,29.41
"02",REC,extrême-droite,FEMININ,11,11.0,0.02,0.03
"02",REC,extrême-droite,MASCULIN,603,602.5,0.83,1.33
"02",RN,extrême-droite,MASCULIN,24963,25343.5,32.53,52.42
"02",EXG,extrême-gauche,FEMININ,627,721.0,0.84,1.36
"02",EXG,extrême-gauche,MASCULIN,701,701.0,0.97,1.54
"02",DVG,gauche,MASCULIN,15385,15385.0,23.31,37.62
"02",UG,gauche,FEMININ,7923,7923.0,10.37,17.05
"02",UG,gauche,MASCULIN,9463,9463.0,12.23,19.37
"03",ENS,centre,FEMININ,6524,6524.0,8.17,12.57
"03",ENS,centre,MASCULIN,8811,8811.0,9.95,14.91
"03",UDI,centre,MASCULIN,1303,1303.0,1.47,2.20
"03",DVD,droite,MASCULIN,3548,3548.0,4.44,6.84
"03",LR,droite,FEMININ,7889,7889.0,8.91,13.35
"03",LR,droite,MASCULIN,15834,15834.0,19.79,29.86
"03",REC,extrême-droite,FEMININ,557,556.5,0.66,1.00
"03",RN,extrême-droite,FEMININ,22816,22816.0,25.77,38.61
"03",RN,extrême-droite,MASCULIN,19040,19040.0,23.81,36.08
"03",EXG,extrême-gauche,MASCULIN,787,802.0,0.96,1.45
"03",UG,gauche,FEMININ,11709,11708.5,14.65,22.23
"03",UG,gauche,MASCULIN,17043,17043.0,19.25,28.84
"04",ENS,centre,FEMININ,10162,10162.0,15.24,22.69
"04",ENS,centre,MASCULIN,8132,8132.0,13.23,19.35
"04",UDI,centre,FEMININ,1,1.0,0.00,0.00
"04",DVD,droite,MASCULIN,512,512.0,0.77,1.14
"04",LR,droite,FEMININ,2956,2956.0,4.81,7.03
"04",REC,extrême-droite,FEMININ,527,526.5,0.82,1.21
"04",RN,extrême-droite,MASCULIN,18616,18616.0,30.28,44.30
"04",UXD,extrême-droite,FEMININ,18314,18314.0,27.47,40.89
"04",EXG,extrême-gauche,FEMININ,396,396.0,0.64,0.94
"04",EXG,extrême-gauche,MASCULIN,438,438.0,0.66,0.98
"04",UG,gauche,MASCULIN,13116,13115.5,20.40,30.13
"05",ENS,centre,FEMININ,9312,9312.0,15.51,22.58
"05",ENS,centre,MASCULIN,10338,10338.0,18.96,26.70
"05",DIV,divers,MASCULIN,2206,2206.0,4.05,5.70
"05",LR,droite,MASCULIN,2949,2949.0,4.91,7.15
"05",RN,extrême-droite,MASCULIN,14444,14443.5,25.17,36.06
"05",EXG,extrême-gauche,FEMININ,643,643.0,1.07,1.56
"05",EXG,extrême-gauche,MASCULIN,394,394.0,0.72,1.02
"05",UG,gauche,FEMININ,12615,12614.5,22.08,31.59
"06",ENS,centre,FEMININ,11813,11813.0,13.05,19.90
"06",ENS,centre,MASCULIN,10213,9856.0,11.60,18.22
"06",DIV,divers,MASCULIN,1675,145.5,1.84,2.83
"06",REG,divers,MASCULIN,136,136.0,0.17,0.27
"06",LR,droite,FEMININ,16610,16213.0,20.19,30.66
"06",LR,droite,MASCULIN,8495,6162.0,9.14,13.66
"06",DSV,extrême-droite,MASCULIN,883,883.0,0.96,1.53
"06",EXD,extrême-droite,FEMININ,931,931.0,1.03,1.56
"06",EXD,extrême-droite,MASCULIN,900,900.0,1.09,1.66
"06",REC,extrême-droite,MASCULIN,932,932.0,0.97,1.41
"06",RN,extrême-droite,FEMININ,26769,26769.0,31.45,49.51
"06",RN,extrême-droite,MASCULIN,25806,25813.0,29.74,44.39
"06",UXD,extrême-droite,FEMININ,29804,29804.0,32.67,50.35
"06",UXD,extrême-droite,MASCULIN,22396,22396.0,25.78,41.26
"06",EXG,extrême-gauche,FEMININ,342,359.0,0.40,0.61
"06",EXG,extrême-gauche,MASCULIN,353,347.0,0.40,0.63
"06",ECO,gauche,FEMININ,1442,1651.0,1.65,2.58
"06",ECO,gauche,MASCULIN,2033,1927.0,2.33,3.52
"06",UG,gauche,FEMININ,10429,8935.0,11.95,18.50
"06",UG,gauche,MASCULIN,11673,11603.5,13.36,20.59
"07",ENS,centre,FEMININ,9278,9277.5,10.31,14.83
"07",ENS,centre,MASCULIN,5984,5984.0,7.39,10.43
"07",DIV,divers,MASCULIN,806,213.0,0.83,1.18
"07",REG,divers,MASCULIN,331,331.0,0.41,0.58
"07",DVD,droite,MASCULIN,12852,12851.5,14.79,20.94
"07",LR,droite,FEMININ,3067,3067.0,3.85,5.64
"07",DSV,extrême-droite,MASCULIN,632,632.0,0.73,1.05
"07",REC,extrême-droite,FEMININ,506,506.0,0.64,0.93
"07",REC,extrême-droite,MASCULIN,628,628.0,0.70,0.99
"07",RN,extrême-droite,FEMININ,21736,21736.0,27.31,39.95
"07",RN,extrême-droite,MASCULIN,18328,18328.0,22.62,31.95
"07",UXD,extrême-droite,MASCULIN,24417,24417.0,25.14,35.75
"07",EXG,extrême-gauche,FEMININ,564,563.5,0.64,0.92
"07",EXG,extrême-gauche,MASCULIN,428,474.0,0.53,0.76
"07",UG,gauche,FEMININ,16645,16645.0,18.80,26.64
"07",UG,gauche,MASCULIN,20809,20809.0,26.14,38.24
"08",ENS,centre,MASCULIN,7812,7812.0,11.48,17.77
"08",DIV,divers,MASCULIN,998,998.0,1.41,2.15
"08",DVD,droite,MASCULIN,13255,13254.5,23.35,36.86
"08",LR,droite,FEMININ,1782,1782.0,2.52,3.83
"08",EXD,extrême-droite,MASCULIN,4257,4257.0,6.02,9.16
"08",RN,extrême-droite,FEMININ,15197,15196.5,26.56,42.11
"08",RN,extrême-droite,MASCULIN,17817,17817.0,25.21,38.33
"08",EXG,extrême-gauche,FEMININ,387,386.0,0.64,0.99
"08",EXG,extrême-gauche,MASCULIN,264,264.0,0.44,0.71
"08",ECO,gauche,FEMININ,956,956.0,1.35,2.06
"08",UG,gauche,FEMININ,4139,4139.0,7.60,11.74
"08",UG,gauche,MASCULIN,7408,7407.5,11.30,17.79
"09",DVD,droite,MASCULIN,2023,2023.0,3.26,4.90
"09",REC,extrême-droite,FEMININ,804,804.0,1.30,1.95
"09",REC,extrême-droite,MASCULIN,881,881.0,1.53,2.32
"09",RN,extrême-droite,FEMININ,16678,16678.0,26.88,40.41
"09",RN,extrême-droite,MASCULIN,15049,15049.0,26.21,39.67
"09",EXG,extrême-gauche,FEMININ,2304,2304.0,3.89,5.88
"09",UG,gauche,FEMININ,19245,19245.0,33.52,50.74
"09",UG,gauche,MASCULIN,19911,19911.0,32.09,48.25
"10",ENS,centre,FEMININ,4703,4703.0,6.36,9.45
"10",ENS,centre,MASCULIN,7446,7446.0,11.52,17.78
"10",DVD,droite,MASCULIN,1502,1502.0,2.29,3.60
"10",LR,droite,FEMININ,13902,13902.0,18.79,27.93
"10",LR,droite,MASCULIN,4288,4287.5,6.64,10.23
"10",RN,extrême-droite,FEMININ,18084,18084.0,27.62,43.33
"10",RN,extrême-droite,MASCULIN,22476,22476.0,32.78,49.34
"10",EXG,extrême-gauche,MASCULIN,507,570.0,0.75,1.14
"10",ECO,gauche,FEMININ,970,970.0,1.48,2.32
"10",UG,gauche,FEMININ,7138,7137.5,10.29,15.45
"10",UG,gauche,MASCULIN,10178,10178.0,15.55,24.39
"11",DVC,centre,FEMININ,465,465.0,0.47,0.70
"11",ENS,centre,FEMININ,9941,9941.0,10.86,16.18
"11",ENS,centre,MASCULIN,11252,11252.0,11.34,16.86
"11",UDI,centre,FEMININ,1868,1868.0,2.08,2.99
"11",DIV,divers,MASCULIN,1343,1343.0,1.46,2.19
"11",REG,divers,FEMININ,0,0.0,0.00,0.00
"11",DVD,droite,MASCULIN,654,654.0,0.70,1.08
"11",LR,droite,MASCULIN,1050,1050.0,1.17,1.68
"11",REC,extrême-droite,FEMININ,681,681.0,0.76,1.09
"11",REC,extrême-droite,MASCULIN,896,896.0,0.94,1.42
"11",RN,extrême-droite,MASCULIN,30025,29212.0,31.91,47.38
"11",EXG,extrême-gauche,FEMININ,373,372.5,0.39,0.59
"11",EXG,extrême-gauche,MASCULIN,585,585.0,0.65,0.94
"11",DVG,gauche,MASCULIN,8463,8463.0,8.53,12.68
"11",UG,gauche,FEMININ,15795,15795.0,17.01,26.02
"11",UG,gauche,MASCULIN,16451,16450.5,17.65,25.69
"12",ENS,centre,MASCULIN,18518,16514.0,25.15,35.53
"12",DVD,droite,MASCULIN,811,811.0,1.04,1.45
"12",DSV,extrême-droite,MASCULIN,1141,1141.0,1.67,2.37
"12",RN,extrême-droite,FEMININ,15923,15923.0,23.34,33.11
"12",RN,extrême-droite,MASCULIN,17586,17586.0,22.45,31.48
"12",UXD,extrême-droite,MASCULIN,18044,18044.0,24.97,35.46
"12",EXG,extrême-gauche,FEMININ,507,506.5,0.70,1.00
"12",EXG,extrême-gauche,MASCULIN,607,607.0,0.84,1.19
"12",ECO,gauche,MASCULIN,1066,1066.0,1.48,2.09
"12",UG,gauche,MASCULIN,14367,14660.0,19.85,28.09
"13",DVC,centre,FEMININ,3,3.0,0.00,0.01
"13",ENS,centre,FEMININ,10624,10551.0,11.53,17.60
"13",ENS,centre,MASCULIN,12946,12520.0,14.09,21.43
"13",DIV,divers,FEMININ,50,50.0,0.05,0.07
"13",DIV,divers,MASCULIN,179,208.0,0.18,0.27
"13",REG,divers,FEMININ,1,1.0,0.00,0.00
"13",DVD,droite,FEMININ,348,348.0,0.44,0.70
"13",DVD,droite,MASCULIN,30,30.0,0.03,0.04
"13",LR,droite,FEMININ,3479,3105.0,3.94,5.87
"13",LR,droite,MASCULIN,3522,2940.5,3.67,5.57
"13",DSV,extrême-droite,FEMININ,739,738.5,0.83,1.25
"13",DSV,extrême-droite,MASCULIN,886,885.5,0.94,1.46
"13",EXD,extrême-droite,MASCULIN,4,4.0,0.01,0.01
"13",REC,extrême-droite,FEMININ,850,862.0,0.93,1.48
"13",REC,extrême-droite,MASCULIN,819,835.0,0.91,1.38
"13",RN,extrême-droite,FEMININ,20094,22107.0,23.39,37.15
"13",RN,extrême-droite,MASCULIN,26126,28043.5,27.22,41.56
"13",UXD,extrême-droite,MASCULIN,20443,20442.5,22.89,34.96
"13",EXG,extrême-gauche,FEMININ,345,291.5,0.41,0.65
"13",EXG,extrême-gauche,MASCULIN,404,372.0,0.43,0.67
"13",DVG,gauche,FEMININ,0,0.0,0.00,0.00
"13",DVG,gauche,MASCULIN,4593,847.0,6.07,9.25
"13",ECO,gauche,FEMININ,1071,381.0,1.06,1.60
"13",ECO,gauche,MASCULIN,957,865.0,1.08,1.67
"13",UG,gauche,FEMININ,14630,14543.0,16.08,24.86
"13",UG,gauche,MASCULIN,17953,17057.0,20.93,33.52
"14",DVC,centre,FEMININ,5080,5080.0,5.27,7.65
"14",ENS,centre,FEMININ,19213,19213.0,19.94,28.93
"14",ENS,centre,MASCULIN,16369,17676.0,18.33,26.96
"14",DIV,divers,MASCULIN,12,12.0,0.02,0.02
"14",DVD,droite,FEMININ,7503,7503.0,8.93,13.16
"14",DVD,droite,MASCULIN,16626,16625.5,21.15,29.64
"14",DSV,extrême-droite,MASCULIN,859,775.0,0.98,1.44
"14",REC,extrême-droite,FEMININ,764,764.0,0.76,1.10
"14",REC,extrême-droite,MASCULIN,633,633.0,0.77,1.08
"14",RN,extrême-droite,FEMININ,15562,11999.0,18.25,26.48
"14",RN,extrême-droite,MASCULIN,22218,21575.0,24.85,36.40
"14",EXG,extrême-gauche,FEMININ,455,488.0,0.48,0.69
"14",EXG,extrême-gauche,MASCULIN,558,528.5,0.71,1.04
"14",UG,gauche,FEMININ,18250,18250.0,24.90,34.82
"14",UG,gauche,MASCULIN,15074,15376.0,17.57,25.74
"15",ENS,centre,MASCULIN,3019,3019.0,5.77,8.36
"15",HOR,centre,MASCULIN,3377,3377.0,5.42,7.66
"15",DVD,droite,MASCULIN,10782,12383.0,18.91,27.07
"15",REC,extrême-droite,MASCULIN,315,315.0,0.54,0.77
"15",RN,extrême-droite,FEMININ,13361,13361.0,21.44,30.29
"15",RN,extrême-droite,MASCULIN,11923,11923.0,22.79,33.02
"15",EXG,extrême-gauche,FEMININ,298,298.0,0.57,0.83
"15",EXG,extrême-gauche,MASCULIN,458,458.0,0.73,1.04
"15",UG,gauche,FEMININ,7406,7406.0,12.64,18.03
"16",ENS,centre,FEMININ,15091,15091.0,18.10,27.39
"16",ENS,centre,MASCULIN,14829,14829.0,16.36,24.52
"16",HOR,centre,MASCULIN,16784,16784.0,19.94,30.30
"16",UDI,centre,MASCULIN,2293,2293.0,2.53,3.79
"16",LR,droite,MASCULIN,3528,3527.5,4.22,6.39
"16",EXD,extrême-droite,FEMININ,509,509.0,0.61,0.92
"16",REC,extrême-droite,FEMININ,633,633.0,0.75,1.14
"16",REC,extrême-droite,MASCULIN,813,813.0,0.93,1.41
"16",RN,extrême-droite,FEMININ,21369,21368.5,24.29,36.61
"16",UXD,extrême-droite,MASCULIN,21440,21440.0,25.72,38.91
"16",EXG,extrême-gauche,FEMININ,832,832.0,1.00,1.51
"16",EXG,extrême-gauche,MASCULIN,831,831.0,0.95,1.44
"16",ECO,gauche,MASCULIN,457,457.0,0.55,0.83
"16",UG,gauche,FEMININ,13431,13430.5,15.36,23.11
"16",UG,gauche,MASCULIN,18166,18166.0,21.59,32.80
"17",ENS,centre,FEMININ,19773,19773.0,17.40,25.33
"17",ENS,centre,MASCULIN,16581,16580.5,18.60,27.92
"17",HOR,centre,MASCULIN,27124,27124.0,22.55,32.75
"17",DIV,divers,MASCULIN,170,170.0,0.15,0.22
"17",REG,divers,FEMININ,0,0.0,0.00,0.00
"17",LR,droite,FEMININ,5251,5251.0,5.55,8.33
"17",LR,droite,MASCULIN,9651,9651.0,8.49,12.36
"17",REC,extrême-droite,MASCULIN,975,975.0,0.87,1.28
"17",RN,extrême-droite,FEMININ,22070,22070.0,19.54,28.53
"17",RN,extrême-droite,MASCULIN,29188,28510.0,29.17,43.30
"17",EXG,extrême-gauche,FEMININ,1124,1123.5,1.15,1.71
"17",EXG,extrême-gauche,MASCULIN,629,707.0,0.60,0.88
"17",DVG,gauche,FEMININ,2,2.0,0.00,0.00
"17",DVG,gauche,MASCULIN,17706,17705.5,15.92,23.35
"17",UG,gauche,FEMININ,14658,14658.0,13.43,19.78
"17",UG,gauche,MASCULIN,19761,21027.0,19.13,28.22
"18",ENS,centre,MASCULIN,13603,14961.0,18.16,28.35
"18",REG,divers,FEMININ,149,149.0,0.21,0.33
"18",DVD,droite,MASCULIN,2705,2705.0,3.95,6.36
"18",LR,droite,FEMININ,3178,3178.0,3.80,5.84
"18",DSV,extrême-droite,FEMININ,290,290.0,0.35,0.53
"18",REC,extrême-droite,MASCULIN,554,553.5,0.73,1.15
"18",RN,extrême-droite,MASCULIN,19616,18100.0,26.33,41.22
"18",EXG,extrême-gauche,FEMININ,680,680.0,0.97,1.50
"18",EXG,extrême-gauche,MASCULIN,574,574.0,0.77,1.20
"18",UG,gauche,FEMININ,9334,9334.0,11.16,17.14
"18",UG,gauche,MASCULIN,12027,12026.5,17.34,27.45
"19",LR,droite,FEMININ,22456,22456.0,24.08,35.04
"19",LR,droite,MASCULIN,18816,18816.0,20.51,28.64
"19",REC,extrême-droite,MASCULIN,563,563.0,0.61,0.86
"19",RN,extrême-droite,FEMININ,20297,20297.0,22.13,30.89
"19",RN,extrême-droite,MASCULIN,23250,23250.0,24.93,36.28
"19",EXG,extrême-gauche,FEMININ,1306,1306.0,1.41,2.01
"19",UG,gauche,FEMININ,17063,17063.0,18.30,26.63
"19",UG,gauche,MASCULIN,24720,24720.0,26.95,37.63
"21",DVC,centre,MASCULIN,233,233.0,0.27,0.40
"21",ENS,centre,FEMININ,11695,11695.0,16.15,23.81
"21",ENS,centre,MASCULIN,14728,13830.0,19.26,27.70
"21",DVD,droite,MASCULIN,1531,1531.0,1.79,2.62
"21",LR,droite,MASCULIN,7563,5054.0,10.93,15.69
"21",DSV,extrême-droite,FEMININ,231,231.0,0.32,0.47
"21",REC,extrême-droite,MASCULIN,512,512.0,0.71,1.03
"21",RN,extrême-droite,FEMININ,16677,17181.0,23.91,34.25
"21",RN,extrême-droite,MASCULIN,26514,26514.0,30.98,45.31
"21",UXD,extrême-droite,MASCULIN,17405,17405.0,24.03,35.44
"21",EXG,extrême-gauche,FEMININ,678,694.0,0.88,1.29
"21",EXG,extrême-gauche,MASCULIN,719,718.5,1.05,1.50
"21",DVG,gauche,FEMININ,2232,2232.0,3.17,4.43
"21",DVG,gauche,MASCULIN,1176,1176.0,1.62,2.39
"21",ECO,gauche,MASCULIN,1222,1222.0,1.70,2.46
"21",UG,gauche,FEMININ,12673,13723.0,18.05,25.77
"21",UG,gauche,MASCULIN,12914,12914.0,16.63,24.45
"22",DVC,centre,FEMININ,552,552.0,0.61,0.84
"22",ENS,centre,MASCULIN,20701,21614.0,21.51,29.83
"22",DIV,divers,FEMININ,426,426.0,0.48,0.66
"22",REG,divers,MASCULIN,495,447.0,0.51,0.70
"22",DVD,droite,MASCULIN,5946,5946.0,5.69,7.77
"22",LR,droite,MASCULIN,12078,12077.5,13.48,18.75
"22",REC,extrême-droite,FEMININ,854,854.0,1.05,1.49
"22",RN,extrême-droite,FEMININ,17617,17616.5,19.58,27.16
"22",RN,extrême-droite,MASCULIN,22025,22668.0,22.62,31.45
"22",EXG,extrême-gauche,FEMININ,1071,1070.5,1.23,1.73
"22",EXG,extrême-gauche,MASCULIN,891,579.5,0.90,1.24
"22",ECO,gauche,FEMININ,1806,1806.0,1.99,2.75
"22",UG,gauche,FEMININ,20537,19926.0,21.99,30.67
"22",UG,gauche,MASCULIN,17201,17201.0,17.65,24.32
"23",ENS,centre,MASCULIN,10670,10670.0,11.86,17.44
"23",DIV,divers,FEMININ,763,763.0,0.85,1.25
"23",DVD,droite,FEMININ,13536,13536.0,15.04,22.12
"23",REC,extrême-droite,FEMININ,493,493.0,0.55,0.81
"23",UXD,extrême-droite,MASCULIN,20403,20403.0,22.68,33.35
"23",EXG,extrême-gauche,FEMININ,958,958.0,1.06,1.57
"23",UG,gauche,FEMININ,14359,14359.0,15.96,23.47
"24",DVC,centre,MASCULIN,10521,10521.0,11.70,16.64
"24",ENS,centre,MASCULIN,9254,11138.0,12.10,17.56
"24",DIV,divers,MASCULIN,129,129.0,0.17,0.24
"24",LR,droite,FEMININ,4171,4574.0,5.15,7.39
"24",LR,droite,MASCULIN,2789,2789.0,3.57,5.28
"24",REC,extrême-droite,FEMININ,730,730.0,0.81,1.15
"24",REC,extrême-droite,MASCULIN,572,572.0,0.73,1.08
"24",RN,extrême-droite,FEMININ,20686,20199.0,26.56,38.13
"24",RN,extrême-droite,MASCULIN,24374,24374.0,28.92,42.71
"24",EXG,extrême-gauche,FEMININ,816,816.0,0.97,1.43
"24",EXG,extrême-gauche,MASCULIN,696,681.0,0.90,1.30
"24",UG,gauche,FEMININ,14570,14570.0,20.11,29.00
"24",UG,gauche,MASCULIN,18966,18966.0,21.69,31.38
"25",ENS,centre,MASCULIN,12202,12806.0,16.67,24.68
"25",DIV,divers,MASCULIN,497,497.0,0.58,0.86
"25",REG,divers,FEMININ,2,2.0,0.00,0.00
"25",LR,droite,FEMININ,20356,20356.0,23.87,35.20
"25",LR,droite,MASCULIN,4215,4215.0,5.34,7.52
"25",DSV,extrême-droite,MASCULIN,889,889.0,1.37,2.10
"25",RN,extrême-droite,FEMININ,19684,19684.0,26.61,40.68
"25",RN,extrême-droite,MASCULIN,16580,16579.5,21.44,30.66
"25",UXD,extrême-droite,MASCULIN,18795,18795.0,29.03,44.35
"25",EXG,extrême-gauche,FEMININ,719,780.0,0.91,1.31
"25",EXG,extrême-gauche,MASCULIN,509,640.0,0.77,1.19
"25",ECO,gauche,FEMININ,923,923.0,1.22,1.77
"25",ECO,gauche,MASCULIN,906,906.0,1.38,2.17
"25",UG,gauche,FEMININ,14157,14165.5,19.56,28.93
"25",UG,gauche,MASCULIN,9709,9709.0,11.39,16.79
"26",ENS,centre,FEMININ,8635,8635.0,11.12,16.62
"26",ENS,centre,MASCULIN,11105,12158.0,10.71,15.45
"26",DVD,droite,MASCULIN,1795,1795.0,1.85,2.80
"26",LR,droite,FEMININ,10927,9292.0,11.56,16.79
"26",LR,droite,MASCULIN,6684,6684.0,6.88,10.41
"26",DSV,extrême-droite,MASCULIN,798,798.0,0.79,1.15
"26",REC,extrême-droite,FEMININ,778,777.5,0.74,1.04
"26",REC,extrême-droite,MASCULIN,631,630.5,0.72,1.09
"26",RN,extrême-droite,FEMININ,27507,27507.0,28.32,42.85
"26",RN,extrême-droite,MASCULIN,21383,21383.0,23.62,34.73
"26",UXD,extrême-droite,MASCULIN,26020,26020.0,23.46,32.26
"26",EXG,extrême-gauche,FEMININ,562,562.0,0.63,0.93
"26",EXG,extrême-gauche,MASCULIN,806,806.0,0.77,1.12
"26",UG,gauche,FEMININ,24420,24420.0,22.85,32.12
"26",UG,gauche,MASCULIN,15739,15738.5,18.38,27.61
"27",DVC,centre,FEMININ,242,242.0,0.31,0.46
"27",DVC,centre,MASCULIN,4564,4563.5,5.19,7.79
"27",ENS,centre,FEMININ,10743,10767.0,12.49,18.78
"27",ENS,centre,MASCULIN,15085,15084.5,17.04,26.45
"27",DIV,divers,MASCULIN,517,517.0,0.58,0.88
"27",DVD,droite,FEMININ,6202,6202.0,7.84,11.78
"27",DVD,droite,MASCULIN,857,911.0,1.04,1.57
"27",LR,droite,MASCULIN,3233,3233.0,3.60,5.50
"27",REC,extrême-droite,FEMININ,547,547.0,0.64,0.97
"27",REC,extrême-droite,MASCULIN,779,778.5,0.90,1.39
"27",RN,extrême-droite,FEMININ,24403,24402.5,29.30,45.08
"27",RN,extrême-droite,MASCULIN,26768,26601.0,29.94,45.26
"27",EXG,extrême-gauche,FEMININ,814,817.0,0.95,1.45
"27",EXG,extrême-gauche,MASCULIN,693,693.0,0.74,1.12
"27",UG,gauche,FEMININ,11991,11991.0,13.72,21.58
"27",UG,gauche,MASCULIN,13496,11845.5,15.34,23.19
"28",DVC,centre,MASCULIN,16439,16439.0,23.11,36.35
"28",ENS,centre,MASCULIN,13574,17236.0,17.34,26.52
"28",LR,droite,MASCULIN,7415,5748.0,9.63,15.27
"28",REC,extrême-droite,FEMININ,477,477.0,0.63,1.02
"28",REC,extrême-droite,MASCULIN,755,751.0,1.01,1.56
"28",RN,extrême-droite,FEMININ,20576,20576.0,22.47,33.66
"28",RN,extrême-droite,MASCULIN,18543,18543.0,25.33,40.37
"28",UXD,extrême-droite,MASCULIN,18854,18854.0,27.99,43.15
"28",EXG,extrême-gauche,FEMININ,581,548.0,0.75,1.16
"28",EXG,extrême-gauche,MASCULIN,1732,1732.0,2.42,3.82
"28",UG,gauche,FEMININ,9100,9099.5,12.55,19.94
"28",UG,gauche,MASCULIN,14705,14705.0,16.06,24.05
"29",DVC,centre,MASCULIN,3712,861.0,4.69,6.82
"29",ENS,centre,FEMININ,20321,20138.0,22.63,31.15
"29",ENS,centre,MASCULIN,17875,18127.0,19.77,27.93
"29",DIV,divers,FEMININ,293,293.0,0.31,0.44
"29",REG,divers,FEMININ,1472,1471.5,1.65,2.28
"29",REG,divers,MASCULIN,1807,1807.0,1.83,2.54
"29",DVD,droite,FEMININ,6697,6697.0,7.94,11.04
"29",LR,droite,FEMININ,1444,1444.0,1.85,2.70
"29",LR,droite,MASCULIN,6022,5652.0,6.50,8.93
"29",DSV,extrême-droite,FEMININ,1050,1050.0,1.12,1.56
"29",DSV,extrême-droite,MASCULIN,641,641.0,0.65,0.90
"29",EXD,extrême-droite,MASCULIN,55,55.0,0.07,0.10
"29",REC,extrême-droite,FEMININ,629,628.5,0.69,0.95
"29",REC,extrême-droite,MASCULIN,400,400.0,0.47,0.67
"29",RN,extrême-droite,FEMININ,17380,17355.0,18.86,26.01
"29",RN,extrême-droite,MASCULIN,16857,17680.5,19.33,27.36
"29",EXG,extrême-gauche,FEMININ,842,841.5,0.97,1.35
"29",EXG,extrême-gauche,MASCULIN,596,647.5,0.67,0.93
"29",DVG,gauche,MASCULIN,7604,7603.5,8.29,11.71
"29",ECO,gauche,FEMININ,1131,1131.0,1.45,2.12
"29",UG,gauche,FEMININ,20438,19161.5,22.87,31.77
"29",UG,gauche,MASCULIN,17749,18462.0,20.09,28.29
"2A",ENS,centre,MASCULIN,10210,10210.0,19.45,30.70
"2A",REG,divers,FEMININ,1533,1533.0,2.92,4.61
"2A",REG,divers,MASCULIN,3625,1875.0,6.20,9.91
"2A",DVD,droite,FEMININ,6538,6538.0,10.46,16.85
"2A",RN,extrême-droite,FEMININ,10377,10377.0,19.77,31.20
"2A",RN,extrême-droite,MASCULIN,13620,13620.0,21.79,35.10
"2A",EXG,extrême-gauche,MASCULIN,133,133.0,0.25,0.40
"2A",COM,gauche,MASCULIN,3125,3125.0,5.95,9.40
"2A",SOC,gauche,MASCULIN,4780,4780.0,7.65,12.32
"2B",DVC,centre,MASCULIN,3741,3740.5,6.02,9.93
"2B",DIV,divers,FEMININ,50,50.0,0.07,0.11
"2B",REG,divers,MASCULIN,5002,1940.0,7.71,12.28
"2B",DVD,droite,MASCULIN,15100,15100.0,22.23,34.05
"2B",DSV,extrême-droite,MASCULIN,393,393.0,0.63,1.04
"2B",REC,extrême-droite,MASCULIN,370,370.0,0.60,0.98
"2B",RN,extrême-droite,FEMININ,11275,11275.0,16.60,25.42
"2B",RN,extrême-droite,MASCULIN,10855,10855.0,17.48,28.80
"2B",EXG,extrême-gauche,FEMININ,280,280.0,0.41,0.63
"2B",EXG,extrême-gauche,MASCULIN,203,203.0,0.33,0.54
"2B",FI,gauche,MASCULIN,3352,3352.0,5.40,8.89
"2B",VEC,gauche,FEMININ,2668,2668.0,3.93,6.02
"30",ENS,centre,FEMININ,10399,10450.0,10.96,16.49
"30",ENS,centre,MASCULIN,12124,12124.0,13.37,19.97
"30",UDI,centre,FEMININ,1841,1841.0,1.91,2.79
"30",DIV,divers,MASCULIN,752,752.0,0.76,1.12
"30",REG,divers,FEMININ,1110,1110.0,1.30,2.00
"30",REG,divers,MASCULIN,199,199.0,0.21,0.30
"30",DVD,droite,MASCULIN,0,0.0,0.00,0.00
"30",LR,droite,FEMININ,4210,4155.0,4.39,6.58
"30",LR,droite,MASCULIN,4373,3930.0,4.70,6.97
"30",EXD,extrême-droite,MASCULIN,1,1.0,0.00,0.00
"30",RN,extrême-droite,FEMININ,27424,27423.5,30.06,44.78
"30",RN,extrême-droite,MASCULIN,30229,31366.0,32.10,48.27
"30",UXD,extrême-droite,MASCULIN,27602,27602.0,27.89,41.01
"30",EXG,extrême-gauche,FEMININ,642,587.0,0.69,1.05
"30",EXG,extrême-gauche,MASCULIN,689,640.0,0.72,1.06
"30",UG,gauche,FEMININ,15487,15486.5,16.11,23.43
"30",UG,gauche,MASCULIN,18152,17193.0,19.56,29.68
"31",DVC,centre,FEMININ,904,731.0,1.05,1.48
"31",DVC,centre,MASCULIN,945,945.0,1.35,1.96
"31",ENS,centre,FEMININ,17871,18462.0,19.02,26.61
"31",ENS,centre,MASCULIN,18551,20934.0,18.47,26.57
"31",DIV,divers,FEMININ,158,158.0,0.15,0.20
"31",DIV,divers,MASCULIN,482,481.5,0.52,0.73
"31",REG,divers,FEMININ,121,121.0,0.11,0.16
"31",REG,divers,MASCULIN,29,29.0,0.04,0.05
"31",DVD,droite,MASCULIN,984,983.5,1.15,1.67
"31",LR,droite,MASCULIN,1654,1654.0,2.02,2.72
"31",DSV,extrême-droite,FEMININ,746,746.0,0.87,1.27
"31",REC,extrême-droite,FEMININ,1207,1366.0,1.20,1.73
"31",REC,extrême-droite,MASCULIN,900,881.0,0.99,1.39
"31",RN,extrême-droite,FEMININ,16238,13443.5,17.30,24.09
"31",RN,extrême-droite,MASCULIN,24535,23893.0,24.61,35.49
"31",UXD,extrême-droite,MASCULIN,30042,30042.0,27.76,40.37
"31",EXG,extrême-gauche,FEMININ,500,529.5,0.51,0.71
"31",EXG,extrême-gauche,MASCULIN,574,479.5,0.60,0.86
"31",DVG,gauche,MASCULIN,828,828.0,1.01,1.36
"31",ECO,gauche,FEMININ,1693,1693.0,1.56,2.13
"31",ECO,gauche,MASCULIN,823,606.0,0.78,1.09
"31",UG,gauche,FEMININ,24716,23768.0,26.50,37.58
"31",UG,gauche,MASCULIN,26127,26333.0,28.07,39.88
"32",ENS,centre,MASCULIN,16072,16072.0,21.94,30.90
"32",REG,divers,FEMININ,13,13.0,0.02,0.02
"32",REG,divers,MASCULIN,756,959.0,1.03,1.44
"32",LR,droite,FEMININ,7416,7416.0,10.07,14.04
"32",REC,extrême-droite,FEMININ,633,633.0,0.86,1.21
"32",RN,extrême-droite,FEMININ,18739,18739.0,25.44,35.49
"32",RN,extrême-droite,MASCULIN,18575,18575.0,25.36,35.71
"32",EXG,extrême-gauche,FEMININ,481,481.0,0.65,0.91
"32",EXG,extrême-gauche,MASCULIN,296,296.0,0.40,0.57
"32",DVG,gauche,MASCULIN,24185,24185.0,32.84,45.80
"32",ECO,gauche,MASCULIN,1375,1375.0,1.88,2.64
"32",UG,gauche,MASCULIN,14129,14129.0,19.29,27.17
"33",DVC,centre,FEMININ,1952,1951.5,1.96,2.78
"33",DVC,centre,MASCULIN,1944,1944.0,1.63,2.36
"33",ENS,centre,FEMININ,19126,17967.0,20.12,29.04
"33",ENS,centre,MASCULIN,19203,17199.0,19.02,27.42
"33",DIV,divers,FEMININ,137,137.0,0.11,0.16
"33",DIV,divers,MASCULIN,3,3.0,0.00,0.01
"33",DVD,droite,MASCULIN,2199,2199.0,2.13,3.07
"33",LR,droite,FEMININ,3692,3692.0,4.98,6.88
"33",LR,droite,MASCULIN,6530,6530.0,5.77,8.55
"33",EXD,extrême-droite,MASCULIN,20,20.0,0.03,0.04
"33",REC,extrême-droite,FEMININ,1093,1127.0,1.00,1.42
"33",REC,extrême-droite,MASCULIN,634,634.0,0.74,1.07
"33",RN,extrême-droite,FEMININ,18774,16734.0,20.73,30.91
"33",RN,extrême-droite,MASCULIN,25903,25942.0,23.75,34.03
"33",EXG,extrême-gauche,FEMININ,833,734.0,0.89,1.33
"33",EXG,extrême-gauche,MASCULIN,655,673.0,0.64,0.92
"33",DVG,gauche,FEMININ,305,305.0,0.33,0.50
"33",ECO,gauche,MASCULIN,1492,1492.0,1.63,2.29
"33",UG,gauche,FEMININ,21150,20163.0,19.72,28.39
"33",UG,gauche,MASCULIN,24020,26547.0,28.04,40.89
"34",ENS,centre,FEMININ,13228,13806.0,13.61,19.98
"34",ENS,centre,MASCULIN,12694,12143.5,13.14,19.64
"34",UDI,centre,FEMININ,1157,1157.0,1.72,2.73
"34",DIV,divers,MASCULIN,570,570.0,0.58,0.86
"34",DVD,droite,FEMININ,7510,4083.0,7.92,12.00
"34",DVD,droite,MASCULIN,903,741.5,1.00,1.52
"34",LR,droite,FEMININ,1821,1821.0,2.71,4.29
"34",LR,droite,MASCULIN,2626,2626.0,2.87,4.29
"34",REC,extrême-droite,FEMININ,1308,1307.5,1.18,1.65
"34",REC,extrême-droite,MASCULIN,1310,1346.0,1.40,2.10
"34",RN,extrême-droite,FEMININ,24268,27326.5,24.00,34.85
"34",RN,extrême-droite,MASCULIN,29630,25831.0,29.29,44.28
"34",UXD,extrême-droite,MASCULIN,21313,21312.5,23.42,35.27
"34",EXG,extrême-gauche,FEMININ,661,650.0,0.65,0.96
"34",EXG,extrême-gauche,MASCULIN,542,472.0,0.57,0.85
"34",ECO,gauche,FEMININ,2019,2019.0,2.11,3.14
"34",ECO,gauche,MASCULIN,2049,2049.0,2.18,3.02
"34",UG,gauche,FEMININ,19566,20215.5,23.57,35.62
"34",UG,gauche,MASCULIN,22028,21061.0,21.31,31.48
"35",DVC,centre,MASCULIN,2034,2033.5,1.94,2.75
"35",ENS,centre,FEMININ,22594,19919.0,22.58,31.22
"35",ENS,centre,MASCULIN,24211,24210.5,26.25,36.85
"35",REG,divers,MASCULIN,929,887.0,1.00,1.38
"35",DVD,droite,MASCULIN,17119,17118.5,16.17,22.93
"35",LR,droite,FEMININ,3372,3372.0,3.57,5.01
"35",LR,droite,MASCULIN,4904,5218.0,5.05,6.92
"35",DSV,extrême-droite,FEMININ,985,985.0,1.01,1.43
"35",RN,extrême-droite,FEMININ,15395,13130.0,15.50,21.48
"35",RN,extrême-droite,MASCULIN,21140,21184.0,21.56,30.48
"35",EXG,extrême-gauche,FEMININ,996,871.5,0.98,1.37
"35",EXG,extrême-gauche,MASCULIN,828,820.5,0.86,1.20
"35",DVG,gauche,FEMININ,347,347.0,0.37,0.52
"35",DVG,gauche,MASCULIN,70,69.5,0.08,0.11
"35",ECO,gauche,MASCULIN,38,38.0,0.04,0.05
"35",UG,gauche,FEMININ,22866,23394.0,24.28,34.08
"35",UG,gauche,MASCULIN,25823,25280.0,25.83,35.31
"36",HOR,centre,MASCULIN,17256,17256.0,22.39,35.12
"36",DIV,divers,MASCULIN,836,836.0,0.96,1.42
"36",LR,droite,MASCULIN,18700,18700.0,21.40,31.82
"36",REC,extrême-droite,FEMININ,716,716.0,0.93,1.46
"36",RN,extrême-droite,FEMININ,19755,19755.0,25.63,40.20
"36",UXD,extrême-droite,MASCULIN,24512,24512.0,28.06,41.71
"36",EXG,extrême-gauche,FEMININ,756,756.0,0.98,1.54
"36",EXG,extrême-gauche,MASCULIN,931,931.0,1.07,1.58
"36",UG,gauche,FEMININ,10658,10658.0,13.83,21.69
"36",UG,gauche,MASCULIN,13783,13783.0,15.78,23.46
"37",ENS,centre,FEMININ,16559,16558.5,18.36,27.20
"37",ENS,centre,MASCULIN,18103,20801.0,20.13,29.87
"37",DIV,divers,MASCULIN,2126,2126.0,2.14,3.16
"37",LR,droite,FEMININ,6046,6046.0,6.73,9.96
"37",LR,droite,MASCULIN,3449,3448.5,4.14,6.19
"37",REC,extrême-droite,MASCULIN,749,748.5,0.84,1.25
"37",RN,extrême-droite,FEMININ,15633,15633.0,18.19,27.00
"37",RN,extrême-droite,MASCULIN,20723,20723.0,23.01,34.07
"37",UXD,extrême-droite,MASCULIN,21724,21724.0,21.85,32.21
"37",EXG,extrême-gauche,FEMININ,819,819.0,0.91,1.32
"37",EXG,extrême-gauche,MASCULIN,755,731.0,0.84,1.25
"37",DVG,gauche,MASCULIN,1690,1690.0,2.35,3.60
"37",UG,gauche,FEMININ,15529,14891.0,16.61,24.34
"37",UG,gauche,MASCULIN,19812,19812.0,24.67,37.53
"38",DVC,centre,MASCULIN,7257,7257.0,6.79,9.44
"38",ENS,centre,FEMININ,11089,10413.0,12.67,18.53
"38",ENS,centre,MASCULIN,18492,18492.0,20.00,27.15
"38",UDI,centre,MASCULIN,370,370.0,0.64,0.94
"38",DIV,divers,FEMININ,91,91.0,0.11,0.16
"38",DIV,divers,MASCULIN,124,124.0,0.12,0.18
"38",LR,droite,FEMININ,4842,4923.5,5.47,7.87
"38",LR,droite,MASCULIN,10640,7923.0,11.39,16.48
"38",DSV,extrême-droite,MASCULIN,789,789.0,0.74,1.03
"38",REC,extrême-droite,FEMININ,437,436.5,0.51,0.72
"38",REC,extrême-droite,MASCULIN,592,540.0,0.66,0.96
"38",RN,extrême-droite,FEMININ,18935,23710.0,20.53,29.20
"38",RN,extrême-droite,MASCULIN,25522,28439.5,27.55,40.75
"38",UXD,extrême-droite,FEMININ,21830,21829.5,25.03,36.02
"38",UXD,extrême-droite,MASCULIN,11504,11504.0,13.71,18.34
"38",EXG,extrême-gauche,FEMININ,510,662.5,0.57,0.83
"38",EXG,extrême-gauche,MASCULIN,478,580.0,0.54,0.78
"38",DVG,gauche,MASCULIN,1674,1674.0,2.91,4.24
"38",ECO,gauche,FEMININ,833,833.0,0.82,1.18
"38",ECO,gauche,MASCULIN,181,181.0,0.32,0.46
"38",UG,gauche,FEMININ,17945,16883.0,21.07,30.76
"38",UG,gauche,MASCULIN,26541,26540.5,28.06,38.22
"39",ENS,centre,FEMININ,16231,16231.0,25.00,36.16
"39",LR,droite,FEMININ,15617,15617.0,24.93,36.47
"39",DSV,extrême-droite,MASCULIN,694,694.0,1.25,1.85
"39",REC,extrême-droite,MASCULIN,390,390.0,0.70,1.04
"39",RN,extrême-droite,FEMININ,18436,18435.5,27.28,39.38
"39",RN,extrême-droite,MASCULIN,12315,12315.0,22.10,32.76
"39",EXG,extrême-gauche,FEMININ,791,791.0,1.17,1.69
"39",EXG,extrême-gauche,MASCULIN,386,386.0,0.69,1.03
"39",UG,gauche,FEMININ,9303,9303.0,16.70,24.75
"39",UG,gauche,MASCULIN,11093,11093.0,16.40,23.68
"40",DVC,centre,FEMININ,1141,1141.0,1.14,1.61
"40",DVC,centre,MASCULIN,362,362.0,0.33,0.48
"40",ENS,centre,FEMININ,21353,21353.0,19.47,28.25
"40",ENS,centre,MASCULIN,18681,18680.5,16.11,23.03
"40",REG,divers,FEMININ,1358,1358.0,1.09,1.57
"40",REG,divers,MASCULIN,451,451.0,0.45,0.64
"40",LR,droite,FEMININ,3343,3343.0,3.05,4.42
"40",LR,droite,MASCULIN,4852,4851.5,4.40,6.26
"40",REC,extrême-droite,FEMININ,700,700.0,0.64,0.93
"40",REC,extrême-droite,MASCULIN,866,865.5,0.78,1.11
"40",RN,extrême-droite,FEMININ,26652,26651.5,25.41,36.41
"40",RN,extrême-droite,MASCULIN,28264,28264.0,22.68,32.60
"40",EXG,extrême-gauche,FEMININ,513,513.0,0.51,0.73
"40",EXG,extrême-gauche,MASCULIN,846,845.5,0.73,1.05
"40",UG,gauche,FEMININ,20466,20466.0,18.66,27.08
"40",UG,gauche,MASCULIN,25440,25440.0,23.01,32.77
"41",DVC,centre,MASCULIN,2867,2867.0,3.47,5.29
"41",ENS,centre,MASCULIN,19363,19362.5,23.66,35.40
"41",UDI,centre,MASCULIN,2803,2803.0,3.49,5.44
"41",DIV,divers,MASCULIN,47,4.0,0.06,0.09
"41",DVD,droite,FEMININ,46,46.0,0.06,0.09
"41",DVD,droite,MASCULIN,10340,10340.0,12.88,20.07
"41",LR,droite,MASCULIN,3220,3220.0,3.89,5.95
"41",REC,extrême-droite,MASCULIN,1234,1233.5,1.53,2.35
"41",RN,extrême-droite,FEMININ,20878,20878.0,25.52,38.15
"41",RN,extrême-droite,MASCULIN,25615,25615.0,31.91,49.72
"41",EXG,extrême-gauche,FEMININ,966,966.0,1.20,1.88
"41",EXG,extrême-gauche,MASCULIN,1407,1407.0,1.72,2.59
"41",DVG,gauche,MASCULIN,8311,8311.0,10.05,15.35
"41",UG,gauche,FEMININ,10027,10027.0,12.49,19.46
"41",UG,gauche,MASCULIN,10795,10795.0,13.32,19.55
"42",DVC,centre,MASCULIN,3585,871.0,3.57,5.24
"42",ENS,centre,MASCULIN,13054,13053.5,17.33,26.42
"42",UDI,centre,MASCULIN,7310,7310.0,14.36,23.08
"42",DVD,droite,MASCULIN,589,588.5,0.92,1.42
"42",LR,droite,FEMININ,21649,21649.0,20.72,30.72
"42",LR,droite,MASCULIN,25778,25778.0,24.40,34.90
"42",EXD,extrême-droite,MASCULIN,239,239.0,0.24,0.34
"42",REC,extrême-droite,MASCULIN,542,542.0,0.51,0.73
"42",RN,extrême-droite,FEMININ,20584,22813.0,24.35,36.32
"42",RN,extrême-droite,MASCULIN,22788,28753.0,24.05,35.88
"42",EXG,extrême-gauche,FEMININ,815,726.5,0.94,1.41
"42",EXG,extrême-gauche,MASCULIN,565,502.0,0.61,0.90
"42",DVG,gauche,MASCULIN,754,754.0,0.89,1.35
"42",ECO,gauche,FEMININ,695,650.0,0.88,1.34
"42",UG,gauche,FEMININ,13562,13562.0,19.44,30.17
"42",UG,gauche,MASCULIN,15943,16016.0,18.76,28.14
"43",ENS,centre,FEMININ,5770,5769.5,6.28,8.85
"43",LR,droite,MASCULIN,24293,24293.0,26.74,37.75
"43",RN,extrême-droite,FEMININ,17885,17885.0,22.53,32.08
"43",RN,extrême-droite,MASCULIN,25091,25091.0,24.43,34.18
"43",EXG,extrême-gauche,FEMININ,668,668.0,0.65,0.91
"43",EXG,extrême-gauche,MASCULIN,795,795.0,1.00,1.43
"43",UG,gauche,FEMININ,13694,13694.0,13.33,18.66
"43",UG,gauche,MASCULIN,10898,10898.0,13.73,19.55
"44",ENS,centre,FEMININ,21473,20616.5,19.33,27.48
"44",ENS,centre,MASCULIN,18312,18311.5,21.53,30.97
"44",DIV,divers,FEMININ,0,0.0,0.00,0.00
"44",REG,divers,MASCULIN,1509,1509.0,1.40,2.06
"44",DVD,droite,FEMININ,5450,5450.0,5.85,8.34
"44",DVD,droite,MASCULIN,26473,26472.5,21.09,30.91
"44",LR,droite,FEMININ,3520,3893.0,3.76,5.48
"44",LR,droite,MASCULIN,10250,10249.5,8.40,11.97
"44",DSV,extrême-droite,FEMININ,1654,1653.5,1.33,1.95
"44",DSV,extrême-droite,MASCULIN,1403,1403.0,1.15,1.64
"44",REC,extrême-droite,FEMININ,1426,1426.0,1.20,1.73
"44",REC,extrême-droite,MASCULIN,1209,1209.0,0.91,1.32
"44",RN,extrême-droite,FEMININ,14818,13270.5,14.13,20.11
"44",RN,extrême-droite,MASCULIN,20682,21475.5,19.03,28.09
"44",UXD,extrême-droite,MASCULIN,22966,22966.0,18.63,26.44
"44",EXG,extrême-gauche,FEMININ,922,1013.5,0.81,1.17
"44",EXG,extrême-gauche,MASCULIN,444,542.0,0.48,0.71
"44",DVG,gauche,MASCULIN,4020,2947.0,4.11,6.18
"44",ECO,gauche,FEMININ,2713,2713.0,2.04,2.96
"44",ECO,gauche,MASCULIN,593,593.0,0.64,0.91
"44",UG,gauche,FEMININ,25996,26741.0,24.47,35.47
"44",UG,gauche,MASCULIN,27163,25987.0,26.35,37.59
"45",DVC,centre,MASCULIN,3620,3620.0,4.62,6.82
"45",ENS,centre,FEMININ,12356,13263.0,15.29,23.22
"45",ENS,centre,MASCULIN,13120,13119.5,17.48,26.31
"45",DIV,divers,FEMININ,636,636.0,0.87,1.32
"45",DVD,droite,FEMININ,15041,15041.0,21.35,32.04
"45",DVD,droite,MASCULIN,4817,4817.0,6.55,10.00
"45",LR,droite,MASCULIN,4101,4527.0,5.17,8.02
"45",DSV,extrême-droite,FEMININ,595,595.0,0.78,1.16
"45",REC,extrême-droite,FEMININ,673,661.5,0.85,1.28
"45",REC,extrême-droite,MASCULIN,664,663.5,0.92,1.42
"45",RN,extrême-droite,FEMININ,18403,18957.0,23.58,35.49
"45",RN,extrême-droite,MASCULIN,20126,20893.0,27.03,41.61
"45",EXG,extrême-gauche,FEMININ,456,429.0,0.59,0.91
"45",EXG,extrême-gauche,MASCULIN,538,528.0,0.72,1.08
"45",DVG,gauche,MASCULIN,1065,1064.5,1.20,1.85
"45",ECO,gauche,MASCULIN,1474,1474.0,1.66,2.56
"45",UG,gauche,FEMININ,13115,13115.0,17.14,25.62
"45",UG,gauche,MASCULIN,12576,12532.5,16.11,24.56
"46",ENS,centre,FEMININ,12752,12752.0,19.23,26.96
"46",ENS,centre,MASCULIN,4689,4689.0,6.42,8.93
"46",DIV,divers,MASCULIN,1237,1237.0,1.87,2.62
"46",LR,droite,MASCULIN,22180,22180.0,30.36,42.25
"46",REC,extrême-droite,MASCULIN,398,398.0,0.54,0.76
"46",RN,extrême-droite,FEMININ,12108,12108.0,16.58,23.06
"46",RN,extrême-droite,MASCULIN,14369,14369.0,21.67,30.38
"46",EXG,extrême-gauche,FEMININ,607,607.0,0.92,1.28
"46",EXG,extrême-gauche,MASCULIN,353,353.0,0.48,0.67
"46",DVG,gauche,MASCULIN,259,259.0,0.39,0.55
"46",UG,gauche,FEMININ,12775,12775.0,17.49,24.33
"46",UG,gauche,MASCULIN,18079,18079.0,27.26,38.22
"47",ENS,centre,MASCULIN,14214,14213.5,17.01,25.20
"47",REG,divers,MASCULIN,1021,1021.0,1.15,1.69
"47",DVD,droite,MASCULIN,12876,12876.0,16.99,24.99
"47",RN,extrême-droite,FEMININ,23227,23226.5,30.40,45.20
"47",RN,extrême-droite,MASCULIN,26034,26034.0,29.40,43.11
"47",EXG,extrême-gauche,FEMININ,725,725.0,0.95,1.41
"47",EXG,extrême-gauche,MASCULIN,700,700.0,0.79,1.16
"47",DVG,gauche,MASCULIN,7457,7457.0,9.84,14.47
"47",UG,gauche,MASCULIN,12923,13787.0,15.98,23.65
"48",DIV,divers,MASCULIN,2627,2627.0,4.40,6.04
"48",DVD,droite,MASCULIN,10451,10451.0,17.49,24.04
"48",RN,extrême-droite,MASCULIN,14743,14743.0,24.67,33.91
"48",EXG,extrême-gauche,FEMININ,284,284.0,0.48,0.65
"48",DVG,gauche,MASCULIN,81,81.0,0.14,0.19
"48",UG,gauche,FEMININ,15292,15292.0,25.59,35.17
"49",DVC,centre,MASCULIN,2719,2719.0,2.84,4.14
"49",ENS,centre,FEMININ,21179,21761.0,23.43,34.42
"49",ENS,centre,MASCULIN,16632,18635.5,20.07,29.81
"49",DVD,droite,MASCULIN,0,0.0,0.00,0.00
"49",LR,droite,FEMININ,5943,4439.0,7.30,10.86
"49",LR,droite,MASCULIN,4894,5362.0,5.79,8.60
"49",DSV,extrême-droite,FEMININ,769,769.0,1.01,1.49
"49",DSV,extrême-droite,MASCULIN,938,822.0,1.06,1.57
"49",REC,extrême-droite,FEMININ,577,583.0,0.69,1.02
"49",RN,extrême-droite,FEMININ,16908,16908.0,21.18,31.14
"49",RN,extrême-droite,MASCULIN,16927,17144.5,19.29,28.51
"49",UXD,extrême-droite,MASCULIN,16066,16066.0,20.06,30.54
"49",EXG,extrême-gauche,FEMININ,736,745.5,0.92,1.36
"49",EXG,extrême-gauche,MASCULIN,586,821.0,0.64,0.95
"49",UG,gauche,FEMININ,14758,13963.5,16.96,25.13
"49",UG,gauche,MASCULIN,15018,16778.0,17.54,25.77
"50",ENS,centre,MASCULIN,16732,17824.5,16.84,24.77
"50",DIV,divers,FEMININ,6951,6951.0,6.26,9.16
"50",DVD,droite,FEMININ,7188,7188.0,7.84,11.73
"50",DVD,droite,MASCULIN,11342,11342.0,13.08,19.30
"50",DSV,extrême-droite,MASCULIN,945,945.0,0.85,1.24
"50",REC,extrême-droite,MASCULIN,716,781.5,0.75,1.11
"50",RN,extrême-droite,FEMININ,21186,21186.0,21.89,31.84
"50",RN,extrême-droite,MASCULIN,19333,19333.0,22.29,32.89
"50",UXD,extrême-droite,MASCULIN,21603,21603.0,21.44,31.95
"50",EXG,extrême-gauche,FEMININ,695,694.5,0.76,1.10
"50",EXG,extrême-gauche,MASCULIN,765,764.5,0.80,1.19
"50",ECO,gauche,MASCULIN,320,319.5,0.32,0.47
"50",UG,gauche,FEMININ,17566,17565.5,18.08,27.12
"50",UG,gauche,MASCULIN,11161,11160.5,12.18,17.85
"51",DVC,centre,MASCULIN,21751,21751.0,28.77,42.66
"51",ENS,centre,FEMININ,15001,15000.5,19.67,30.69
"51",ENS,centre,MASCULIN,16000,16000.0,20.81,32.88
"51",DIV,divers,MASCULIN,134,134.0,0.17,0.27
"51",DVD,droite,MASCULIN,10561,10561.0,14.03,22.18
"51",LR,droite,MASCULIN,3249,3249.0,4.17,6.60
"51",DSV,extrême-droite,FEMININ,1219,1219.0,1.55,2.44
"51",REC,extrême-droite,FEMININ,446,446.0,0.60,0.92
"51",REC,extrême-droite,MASCULIN,719,719.0,0.92,1.44
"51",RN,extrême-droite,FEMININ,17645,17645.0,23.64,36.34
"51",RN,extrême-droite,MASCULIN,22500,22499.5,29.35,44.88
"51",UXD,extrême-droite,MASCULIN,21890,21890.0,27.89,43.84
"51",EXG,extrême-gauche,FEMININ,636,635.5,0.82,1.26
"51",EXG,extrême-gauche,MASCULIN,655,690.0,0.86,1.36
"51",ECO,gauche,MASCULIN,1301,1301.0,1.74,2.68
"51",UG,gauche,FEMININ,11116,11116.0,14.50,22.94
"51",UG,gauche,MASCULIN,8060,8845.0,10.61,16.36
"52",ENS,centre,FEMININ,12529,12529.0,18.11,28.05
"52",DIV,divers,MASCULIN,355,355.0,0.51,0.79
"52",DVD,droite,MASCULIN,10407,10407.0,17.63,28.15
"52",RN,extrême-droite,FEMININ,21009,21009.0,35.58,56.82
"52",RN,extrême-droite,MASCULIN,21815,21815.0,31.54,48.83
"52",EXG,extrême-gauche,MASCULIN,777,776.5,1.21,1.90
"52",UG,gauche,FEMININ,4876,4876.0,8.26,13.19
"52",UG,gauche,MASCULIN,9104,9104.0,13.16,20.38
"53",ENS,centre,FEMININ,18746,18746.0,23.50,35.17
"53",HOR,centre,MASCULIN,23294,23294.0,32.06,48.68
"53",UDI,centre,MASCULIN,9957,9957.0,13.43,20.10
"53",DIV,divers,MASCULIN,209,209.0,0.26,0.39
"53",DVD,droite,FEMININ,2467,2467.0,3.33,4.98
"53",DVD,droite,MASCULIN,4877,4877.0,6.11,9.15
"53",RN,extrême-droite,FEMININ,14523,14522.5,19.79,29.85
"53",RN,extrême-droite,MASCULIN,16944,16944.0,21.24,31.79
"53",EXG,extrême-gauche,FEMININ,494,494.0,0.68,1.03
"53",EXG,extrême-gauche,MASCULIN,428,427.5,0.56,0.84
"53",UG,gauche,FEMININ,9176,9176.0,12.63,19.18
"53",UG,gauche,MASCULIN,17309,17309.0,22.76,34.08
"54",ENS,centre,FEMININ,8248,8248.0,10.26,17.98
"54",ENS,centre,MASCULIN,12219,13869.0,15.77,24.18
"54",DIV,divers,MASCULIN,244,244.0,0.31,0.47
"54",LR,droite,FEMININ,2325,2325.0,3.42,5.15
"54",LR,droite,MASCULIN,8004,4700.0,9.00,14.03
"54",DSV,extrême-droite,FEMININ,664,664.0,0.76,1.23
"54",DSV,extrême-droite,MASCULIN,664,664.0,0.80,1.21
"54",EXD,extrême-droite,MASCULIN,10447,10447.0,13.28,20.26
"54",REC,extrême-droite,FEMININ,571,570.5,0.69,1.04
"54",RN,extrême-droite,FEMININ,17489,14719.0,20.41,31.02
"54",RN,extrême-droite,MASCULIN,22030,22029.5,26.18,44.00
"54",EXG,extrême-gauche,FEMININ,691,766.5,0.84,1.27
"54",EXG,extrême-gauche,MASCULIN,870,870.0,1.05,1.78
"54",ECO,gauche,MASCULIN,1133,1133.0,1.29,2.09
"54",UG,gauche,FEMININ,15300,13773.5,17.77,28.39
"54",UG,gauche,MASCULIN,20212,20211.5,27.51,41.69
"55",DVD,droite,MASCULIN,9808,11976.0,14.50,22.41
"55",DSV,extrême-droite,FEMININ,708,708.0,0.94,1.43
"55",RN,extrême-droite,FEMININ,19011,19011.0,32.10,50.63
"55",RN,extrême-droite,MASCULIN,23680,23680.0,31.59,47.95
"55",EXG,extrême-gauche,MASCULIN,456,456.0,0.69,1.06
"55",ECO,gauche,FEMININ,742,742.0,1.25,1.98
"55",UG,gauche,MASCULIN,6229,6228.5,9.27,14.34
"56",ENS,centre,FEMININ,21354,18651.5,21.00,29.70
"56",ENS,centre,MASCULIN,24171,24171.0,23.28,32.61
"56",DIV,divers,FEMININ,182,182.0,0.16,0.22
"56",REG,divers,FEMININ,1078,1078.0,1.10,1.57
"56",REG,divers,MASCULIN,10537,1615.0,9.27,13.02
"56",DVD,droite,FEMININ,8340,8340.0,8.50,12.16
"56",DVD,droite,MASCULIN,5493,5492.5,5.16,7.18
"56",DSV,extrême-droite,FEMININ,719,719.0,0.73,1.05
"56",DSV,extrême-droite,MASCULIN,878,877.5,0.85,1.21
"56",RN,extrême-droite,FEMININ,21176,22728.0,21.88,31.37
"56",RN,extrême-droite,MASCULIN,23653,24584.0,21.84,30.42
"56",EXG,extrême-gauche,FEMININ,989,1067.0,1.10,1.59
"56",EXG,extrême-gauche,MASCULIN,615,515.0,0.54,0.74
"56",DVG,gauche,MASCULIN,1898,1898.0,1.64,2.24
"56",ECO,gauche,MASCULIN,773,772.5,0.75,1.07
"56",UG,gauche,FEMININ,17774,17702.0,16.04,22.27
"56",UG,gauche,MASCULIN,17587,17586.5,20.43,29.66
"57",ENS,centre,FEMININ,12098,9644.0,12.77,20.39
"57",ENS,centre,MASCULIN,12807,14795.0,14.89,24.51
"57",UDI,centre,FEMININ,16631,16631.0,21.87,34.66
"57",DIV,divers,FEMININ,109,109.0,0.14,0.22
"57",DIV,divers,MASCULIN,736,618.0,0.85,1.37
"57",REG,divers,FEMININ,379,379.0,0.50,0.77
"57",REG,divers,MASCULIN,1128,1128.0,1.56,2.57
"57",DVD,droite,MASCULIN,2876,2875.5,3.48,5.96
"57",LR,droite,FEMININ,3296,3296.0,3.61,6.49
"57",LR,droite,MASCULIN,13817,15045.0,18.55,30.40
"57",DSV,extrême-droite,MASCULIN,790,789.5,0.93,1.54
"57",REC,extrême-droite,MASCULIN,698,464.0,0.79,1.25
"57",RN,extrême-droite,FEMININ,20309,20308.5,25.73,40.07
"57",RN,extrême-droite,MASCULIN,22221,22570.0,26.47,44.50
"57",EXG,extrême-gauche,FEMININ,750,774.5,0.89,1.56
"57",EXG,extrême-gauche,MASCULIN,535,461.0,0.64,1.02
"57",DVG,gauche,MASCULIN,466,466.0,0.70,1.28
"57",UG,gauche,FEMININ,10372,10652.5,12.55,20.91
"57",UG,gauche,MASCULIN,12578,13028.0,14.61,23.75
"58",ENS,centre,FEMININ,12151,12150.5,16.00,24.92
"58",LR,droite,MASCULIN,2620,2619.5,3.43,5.32
"58",DSV,extrême-droite,FEMININ,715,714.5,0.94,1.45
"58",RN,extrême-droite,MASCULIN,21176,21175.5,27.68,42.82
"58",EXG,extrême-gauche,FEMININ,809,809.0,1.10,1.75
"58",EXG,extrême-gauche,MASCULIN,839,839.0,1.07,1.60
"58",DVG,gauche,FEMININ,9,9.0,0.01,0.02
"58",UG,gauche,MASCULIN,11822,11822.0,15.43,23.82
"59",DVC,centre,MASCULIN,5766,5766.0,8.36,16.07
"59",ENS,centre,FEMININ,17198,18589.5,18.87,28.28
"59",ENS,centre,MASCULIN,8706,7136.0,10.68,18.11
"59",HOR,centre,FEMININ,17168,17168.0,23.38,36.71
"59",UDI,centre,FEMININ,8684,8683.5,10.68,17.85
"59",DIV,divers,FEMININ,385,385.0,0.44,0.69
"59",DIV,divers,MASCULIN,2973,253.0,3.49,6.00
"59",REG,divers,FEMININ,58,58.0,0.09,0.14
"59",DVD,droite,FEMININ,610,610.0,0.99,1.51
"59",DVD,droite,MASCULIN,9795,1951.0,10.23,15.81
"59",LR,droite,FEMININ,4975,4975.0,5.53,8.51
"59",LR,droite,MASCULIN,4784,4265.0,5.25,7.89
"59",DSV,extrême-droite,FEMININ,1033,1033.0,1.04,1.59
"59",DSV,extrême-droite,MASCULIN,1011,1011.0,1.47,2.82
"59",REC,extrême-droite,FEMININ,691,580.0,0.77,1.25
"59",REC,extrême-droite,MASCULIN,605,648.0,0.71,1.15
"59",RN,extrême-droite,FEMININ,16506,15497.5,19.42,31.23
"59",RN,extrême-droite,MASCULIN,22956,23852.0,26.41,43.46
"59",UXD,extrême-droite,FEMININ,23781,23781.0,25.02,35.07
"59",UXD,extrême-droite,MASCULIN,30194,30194.0,30.36,46.37
"59",EXG,extrême-gauche,FEMININ,721,689.0,0.82,1.35
"59",EXG,extrême-gauche,MASCULIN,582,648.0,0.67,1.08
"59",DVG,gauche,FEMININ,1776,1776.0,2.88,4.41
"59",DVG,gauche,MASCULIN,8266,1169.0,9.26,15.90
"59",UG,gauche,FEMININ,14969,15053.0,16.02,24.08
"59",UG,gauche,MASCULIN,14684,13575.0,18.22,30.25
"60",DVC,centre,FEMININ,2157,2157.0,2.29,3.46
"60",DVC,centre,MASCULIN,728,728.0,0.87,1.37
"60",ENS,centre,FEMININ,4006,4006.0,5.19,8.19
"60",ENS,centre,MASCULIN,9624,7894.0,11.50,17.91
"60",UDI,centre,FEMININ,1931,1931.0,2.59,4.27
"60",UDI,centre,MASCULIN,11207,11207.0,14.77,22.93
"60",DIV,divers,FEMININ,573,573.0,0.77,1.27
"60",DVD,droite,FEMININ,2766,2766.0,3.65,5.66
"60",LR,droite,MASCULIN,9655,10519.0,11.75,18.26
"60",DSV,extrême-droite,FEMININ,509,509.0,0.69,1.07
"60",DSV,extrême-droite,MASCULIN,279,279.0,0.33,0.51
"60",REC,extrême-droite,FEMININ,415,415.0,0.54,0.85
"60",REC,extrême-droite,MASCULIN,714,772.0,0.85,1.31
"60",RN,extrême-droite,FEMININ,24621,24621.0,29.57,46.19
"60",RN,extrême-droite,MASCULIN,23107,21736.0,28.51,44.50
"60",EXG,extrême-gauche,FEMININ,543,559.0,0.66,1.02
"60",EXG,extrême-gauche,MASCULIN,506,522.0,0.66,1.04
"60",ECO,gauche,FEMININ,749,749.0,0.90,1.41
"60",ECO,gauche,MASCULIN,1283,1283.0,1.43,2.19
"60",UG,gauche,FEMININ,10087,10087.0,11.68,18.12
"60",UG,gauche,MASCULIN,11714,10644.0,14.99,23.60
"61",DVC,centre,FEMININ,5405,5405.0,7.93,12.05
"61",ENS,centre,FEMININ,6359,6359.0,9.45,14.26
"61",DIV,divers,MASCULIN,49,49.0,0.08,0.11
"61",DVD,droite,FEMININ,14411,14411.0,22.33,32.95
"61",DVD,droite,MASCULIN,10482,10482.0,14.85,22.13
"61",DSV,extrême-droite,FEMININ,456,456.0,0.71,1.04
"61",DSV,extrême-droite,MASCULIN,570,570.0,0.84,1.27
"61",REC,extrême-droite,FEMININ,488,488.0,0.69,1.03
"61",REC,extrême-droite,MASCULIN,453,452.5,0.69,1.02
"61",RN,extrême-droite,FEMININ,15574,15573.5,22.45,33.80
"61",RN,extrême-droite,MASCULIN,17502,17502.0,27.12,40.01
"61",EXG,extrême-gauche,FEMININ,473,473.0,0.72,1.07
"61",EXG,extrême-gauche,MASCULIN,857,857.0,1.21,1.81
"61",UG,gauche,FEMININ,12264,12264.0,17.99,27.33
"61",UG,gauche,MASCULIN,8662,8662.0,12.76,18.92
"62",DVC,centre,MASCULIN,6472,8303.0,6.98,11.09
"62",ENS,centre,FEMININ,14945,14945.0,16.26,24.05
"62",ENS,centre,MASCULIN,9126,9718.5,10.09,15.86
"62",UDI,centre,MASCULIN,4286,4285.5,5.28,8.30
"62",DIV,divers,MASCULIN,442,335.0,0.48,0.74
"62",DVD,droite,MASCULIN,0,0.0,0.00,0.00
"62",LR,droite,FEMININ,5569,5501.0,5.72,8.49
"62",LR,droite,MASCULIN,6888,4495.0,7.38,12.13
"62",REC,extrême-droite,FEMININ,563,546.0,0.65,1.02
"62",REC,extrême-droite,MASCULIN,641,617.0,0.68,1.12
"62",RN,extrême-droite,FEMININ,30303,32553.0,33.63,52.53
"62",RN,extrême-droite,MASCULIN,28454,26995.0,30.69,49.27
"62",EXG,extrême-gauche,FEMININ,640,680.0,0.69,1.06
"62",EXG,extrême-gauche,MASCULIN,916,851.0,1.01,1.65
"62",DVG,gauche,MASCULIN,3527,3527.0,3.38,5.00
"62",ECO,gauche,MASCULIN,946,946.0,1.07,1.59
"62",UG,gauche,FEMININ,10298,9065.0,11.45,18.12
"62",UG,gauche,MASCULIN,12930,12059.0,14.14,22.91
"63",ENS,centre,FEMININ,15755,16800.0,16.06,22.98
"63",ENS,centre,MASCULIN,10680,10679.5,12.40,18.45
"63",DVD,droite,MASCULIN,277,277.0,0.31,0.43
"63",LR,droite,FEMININ,8775,8863.0,9.37,13.27
"63",LR,droite,MASCULIN,5522,5522.0,5.85,8.76
"63",REC,extrême-droite,FEMININ,607,607.0,0.64,0.91
"63",REC,extrême-droite,MASCULIN,573,573.0,0.64,0.89
"63",RN,extrême-droite,FEMININ,21772,21987.0,22.74,32.43
"63",RN,extrême-droite,MASCULIN,18658,18657.5,19.90,29.56
"63",EXG,extrême-gauche,FEMININ,771,771.0,0.80,1.14
"63",EXG,extrême-gauche,MASCULIN,946,969.0,1.02,1.49
"63",DVG,gauche,MASCULIN,64,64.0,0.07,0.10
"63",UG,gauche,FEMININ,20928,20841.0,22.98,33.66
"63",UG,gauche,MASCULIN,23804,23803.5,24.27,34.75
"64",DVC,centre,FEMININ,248,248.0,0.23,0.34
"64",ENS,centre,FEMININ,15803,15803.0,18.55,26.73
"64",ENS,centre,MASCULIN,18889,18889.0,19.91,28.26
"64",DIV,divers,FEMININ,161,161.0,0.15,0.22
"64",DIV,divers,MASCULIN,506,505.5,0.50,0.72
"64",REG,divers,FEMININ,641,641.0,0.78,1.09
"64",REG,divers,MASCULIN,1670,1246.5,1.68,2.41
"64",DVD,droite,MASCULIN,10434,10434.0,12.91,18.05
"64",LR,droite,FEMININ,5683,4304.0,6.12,8.84
"64",LR,droite,MASCULIN,6543,5998.0,7.92,11.11
"64",REC,extrême-droite,MASCULIN,671,671.0,0.66,0.96
"64",RN,extrême-droite,FEMININ,16858,16858.0,20.33,28.38
"64",RN,extrême-droite,MASCULIN,17156,18670.0,20.25,29.02
"64",UXD,extrême-droite,MASCULIN,18610,18610.0,17.46,25.29
"64",EXG,extrême-gauche,FEMININ,605,605.0,0.66,0.96
"64",EXG,extrême-gauche,MASCULIN,460,476.5,0.53,0.74
"64",DVG,gauche,MASCULIN,15948,15948.0,20.20,28.79
"64",ECO,gauche,FEMININ,1567,1567.0,1.55,2.24
"64",ECO,gauche,MASCULIN,1289,1215.0,1.63,2.31
"64",UG,gauche,FEMININ,16449,16449.0,17.31,24.82
"64",UG,gauche,MASCULIN,16502,18866.5,18.89,26.75
"65",ENS,centre,MASCULIN,15121,15121.0,17.09,24.91
"65",DIV,divers,MASCULIN,5801,2626.0,6.64,9.75
"65",REG,divers,MASCULIN,1486,1486.0,1.68,2.45
"65",LR,droite,MASCULIN,3116,3115.5,3.55,5.18
"65",REC,extrême-droite,FEMININ,656,656.0,0.75,1.10
"65",REC,extrême-droite,MASCULIN,735,735.0,0.83,1.21
"65",RN,extrême-droite,FEMININ,20272,20272.0,23.21,34.09
"65",RN,extrême-droite,MASCULIN,22436,22436.0,25.35,36.96
"65",EXG,extrême-gauche,FEMININ,533,533.0,0.61,0.90
"65",EXG,extrême-gauche,MASCULIN,692,692.0,0.78,1.14
"65",UG,gauche,FEMININ,17564,17564.0,20.11,29.53
"65",UG,gauche,MASCULIN,17055,17055.0,19.27,28.09
"66",DVC,centre,FEMININ,2328,2328.0,3.14,4.87
"66",DVC,centre,MASCULIN,14257,14257.0,13.43,20.45
"66",ENS,centre,FEMININ,11411,11410.5,12.21,18.48
"66",ENS,centre,MASCULIN,7720,7720.0,10.42,16.14
"66",REG,divers,FEMININ,1461,1558.5,1.58,2.39
"66",LR,droite,MASCULIN,2638,2637.5,2.96,4.49
"66",REC,extrême-droite,FEMININ,1109,1109.0,1.06,1.60
"66",REC,extrême-droite,MASCULIN,818,817.5,1.02,1.57
"66",RN,extrême-droite,FEMININ,29620,29261.0,31.80,48.42
"66",EXG,extrême-gauche,FEMININ,520,575.0,0.59,0.90
"66",EXG,extrême-gauche,MASCULIN,618,618.0,0.58,0.89
"66",UG,gauche,FEMININ,15603,15603.0,18.22,28.03
"66",UG,gauche,MASCULIN,14686,13910.0,15.68,23.80
"67",ENS,centre,FEMININ,16351,16117.0,17.71,26.55
"67",ENS,centre,MASCULIN,13941,13260.0,16.26,24.66
"67",DIV,divers,MASCULIN,157,79.0,0.24,0.35
"67",REG,divers,FEMININ,1578,1795.5,1.69,2.54
"67",REG,divers,MASCULIN,1698,1698.0,1.92,2.97
"67",DVD,droite,FEMININ,2389,2389.0,2.41,3.50
"67",DVD,droite,MASCULIN,5687,5512.0,5.98,9.41
"67",LR,droite,FEMININ,3362,3361.5,4.22,6.10
"67",LR,droite,MASCULIN,7058,3529.0,8.01,12.23
"67",DSV,extrême-droite,FEMININ,605,605.0,0.63,0.97
"67",DSV,extrême-droite,MASCULIN,767,767.0,0.71,1.08
"67",REC,extrême-droite,FEMININ,494,494.0,0.50,0.75
"67",REC,extrême-droite,MASCULIN,592,654.0,0.69,1.06
"67",RN,extrême-droite,FEMININ,12420,10487.0,15.43,22.87
"67",RN,extrême-droite,MASCULIN,25551,25275.0,26.48,40.76
"67",EXG,extrême-gauche,FEMININ,176,199.0,0.23,0.35
"67",EXG,extrême-gauche,MASCULIN,274,344.0,0.30,0.45
"67",DVG,gauche,FEMININ,358,358.0,0.49,0.73
"67",DVG,gauche,MASCULIN,341,211.5,0.53,0.78
"67",ECO,gauche,FEMININ,606,606.0,0.72,1.10
"67",ECO,gauche,MASCULIN,602,685.0,0.79,1.19
"67",UG,gauche,FEMININ,13453,14297.0,17.72,25.88
"67",UG,gauche,MASCULIN,12933,11059.5,15.58,23.68
"68",ENS,centre,FEMININ,14945,14945.0,18.92,30.40
"68",ENS,centre,MASCULIN,17294,17704.5,19.89,31.20
"68",DIV,divers,FEMININ,1641,1641.0,1.77,2.69
"68",REG,divers,MASCULIN,1660,1645.0,1.81,2.84
"68",DVD,droite,MASCULIN,4206,5012.0,4.71,7.26
"68",LR,droite,MASCULIN,13103,13102.5,13.58,21.24
"68",DSV,extrême-droite,FEMININ,616,591.0,0.71,1.11
"68",DSV,extrême-droite,MASCULIN,666,666.0,0.71,1.14
"68",REC,extrême-droite,FEMININ,920,653.0,0.94,1.46
"68",REC,extrême-droite,MASCULIN,577,544.0,0.66,1.05
"68",RN,extrême-droite,FEMININ,24510,23246.0,25.23,39.26
"68",RN,extrême-droite,MASCULIN,17573,16833.0,21.59,34.22
"68",EXG,extrême-gauche,FEMININ,503,503.0,0.54,0.86
"68",EXG,extrême-gauche,MASCULIN,345,287.0,0.39,0.61
"68",DVG,gauche,MASCULIN,236,235.5,0.29,0.46
"68",ECO,gauche,FEMININ,1270,1269.5,1.29,2.00
"68",ECO,gauche,MASCULIN,979,808.0,1.13,1.79
"68",UG,gauche,FEMININ,10589,11408.0,12.14,19.25
"68",UG,gauche,MASCULIN,9228,9228.0,9.98,15.14
"69",ENS,centre,FEMININ,16659,16838.5,20.08,27.18
"69",ENS,centre,MASCULIN,14962,15275.0,17.29,24.58
"69",UDI,centre,MASCULIN,501,501.0,0.71,0.93
"69",DIV,divers,FEMININ,143,143.0,0.18,0.24
"69",DIV,divers,MASCULIN,208,118.0,0.28,0.37
"69",REG,divers,MASCULIN,613,613.0,0.62,0.89
"69",DVD,droite,MASCULIN,701,700.5,0.72,0.97
"69",LR,droite,FEMININ,6632,5576.5,7.17,9.84
"69",LR,droite,MASCULIN,7480,6729.0,8.46,12.04
"69",REC,extrême-droite,FEMININ,572,548.0,0.70,1.00
"69",REC,extrême-droite,MASCULIN,763,876.0,0.83,1.15
"69",RN,extrême-droite,FEMININ,14933,14989.0,17.03,23.70
"69",RN,extrême-droite,MASCULIN,13581,10818.0,16.07,23.79
"69",UXD,extrême-droite,MASCULIN,24918,24917.5,25.41,36.11
"69",EXG,extrême-gauche,FEMININ,341,369.5,0.39,0.55
"69",EXG,extrême-gauche,MASCULIN,379,438.0,0.46,0.68
"69",DVG,gauche,MASCULIN,6214,6213.5,6.77,10.64
"69",ECO,gauche,FEMININ,1570,1569.5,1.82,2.56
"69",ECO,gauche,MASCULIN,635,688.0,0.80,1.11
"69",UG,gauche,FEMININ,20957,20042.0,25.81,34.76
"69",UG,gauche,MASCULIN,20384,18882.0,24.21,36.18
"70",ENS,centre,MASCULIN,13224,13223.5,14.92,21.90
"70",DIV,divers,MASCULIN,906,906.0,1.03,1.50
"70",LR,droite,MASCULIN,6600,6600.0,7.38,10.91
"70",REC,extrême-droite,MASCULIN,640,640.0,0.72,1.06
"70",RN,extrême-droite,MASCULIN,29887,29887.0,33.63,49.47
"70",EXG,extrême-gauche,FEMININ,1018,1018.0,1.14,1.68
"70",EXG,extrême-gauche,MASCULIN,816,816.0,0.92,1.35
"70",UG,gauche,MASCULIN,11997,11997.0,13.49,19.85
"71",ENS,centre,MASCULIN,11486,12652.5,14.44,21.55
"71",DIV,divers,MASCULIN,193,193.0,0.24,0.36
"71",DVD,droite,MASCULIN,5418,5384.0,6.44,9.73
"71",LR,droite,FEMININ,17511,17511.0,22.85,33.58
"71",LR,droite,MASCULIN,7295,7295.0,8.97,13.50
"71",DSV,extrême-droite,FEMININ,756,755.5,0.93,1.39
"71",DSV,extrême-droite,MASCULIN,836,836.0,1.11,1.65
"71",RN,extrême-droite,FEMININ,17602,17602.0,23.39,34.65
"71",RN,extrême-droite,MASCULIN,20892,19807.0,25.80,38.55
"71",UXD,extrême-droite,MASCULIN,24275,24275.0,29.38,44.34
"71",EXG,extrême-gauche,FEMININ,730,730.0,0.90,1.35
"71",EXG,extrême-gauche,MASCULIN,777,782.5,0.96,1.44
"71",UG,gauche,FEMININ,14767,14766.5,17.57,26.62
"71",UG,gauche,MASCULIN,11172,10375.0,14.45,21.41
"72",ENS,centre,FEMININ,14338,14338.0,18.58,28.36
"72",ENS,centre,MASCULIN,17054,17053.5,19.61,30.23
"72",UDI,centre,MASCULIN,11962,11962.0,14.28,23.09
"72",DIV,divers,MASCULIN,91,91.0,0.11,0.18
"72",REG,divers,MASCULIN,217,217.0,0.27,0.41
"72",DVD,droite,MASCULIN,1546,1546.0,1.90,2.95
"72",LR,droite,MASCULIN,3198,2819.0,4.05,6.20
"72",DSV,extrême-droite,FEMININ,1285,1285.0,1.46,2.25
"72",DSV,extrême-droite,MASCULIN,558,558.0,0.65,1.00
"72",REC,extrême-droite,MASCULIN,1131,1131.0,1.32,2.04
"72",RN,extrême-droite,FEMININ,18525,18524.5,23.80,36.43
"72",RN,extrême-droite,MASCULIN,22754,22753.5,26.19,40.39
"72",UXD,extrême-droite,MASCULIN,18282,18282.0,21.83,35.29
"72",EXG,extrême-gauche,FEMININ,831,885.0,1.00,1.54
"72",EXG,extrême-gauche,MASCULIN,686,686.0,0.83,1.32
"72",UG,gauche,FEMININ,14219,12929.0,17.51,27.37
"72",UG,gauche,MASCULIN,15261,15261.0,17.35,26.67
"73",ENS,centre,FEMININ,19369,19369.0,22.07,31.56
"73",UDI,centre,MASCULIN,2,2.0,0.00,0.00
"73",DIV,divers,MASCULIN,1194,1194.0,1.50,2.17
"73",REG,divers,FEMININ,1244,1244.0,1.64,2.46
"73",LR,droite,FEMININ,21605,21605.0,28.97,40.86
"73",LR,droite,MASCULIN,18593,18593.0,24.59,36.84
"73",DSV,extrême-droite,MASCULIN,572,488.0,0.72,1.05
"73",REC,extrême-droite,FEMININ,441,441.0,0.58,0.87
"73",REC,extrême-droite,MASCULIN,830,830.0,0.88,1.25
"73",RN,extrême-droite,FEMININ,18393,18392.5,24.50,35.59
"73",RN,extrême-droite,MASCULIN,16698,16698.0,20.97,30.31
"73",UXD,extrême-droite,FEMININ,23992,23992.0,25.49,36.16
"73",EXG,extrême-gauche,FEMININ,566,630.0,0.74,1.06
"73",EXG,extrême-gauche,MASCULIN,451,451.0,0.48,0.68
"73",ECO,gauche,MASCULIN,2292,2292.0,2.44,3.45
"73",UG,gauche,FEMININ,13402,13401.5,15.75,22.95
"73",UG,gauche,MASCULIN,15847,15847.0,20.40,29.21
"74",DVC,centre,MASCULIN,2265,2265.0,2.49,4.04
"74",ENS,centre,FEMININ,24602,24601.5,22.87,33.36
"74",ENS,centre,MASCULIN,21294,21294.0,23.14,33.98
"74",DIV,divers,MASCULIN,91,90.5,0.09,0.14
"74",REG,divers,FEMININ,1344,1343.5,1.49,2.28
"74",REG,divers,MASCULIN,1291,1077.0,1.25,1.87
"74",DVD,droite,FEMININ,12263,12263.0,13.28,19.72
"74",LR,droite,FEMININ,20865,20865.0,22.95,37.25
"74",LR,droite,MASCULIN,5019,5396.0,5.01,7.20
"74",REC,extrême-droite,FEMININ,905,904.5,0.86,1.21
"74",REC,extrême-droite,MASCULIN,963,963.0,0.93,1.42
"74",RN,extrême-droite,FEMININ,16159,16159.0,17.77,28.85
"74",RN,extrême-droite,MASCULIN,22542,22541.5,21.19,29.95
"74",UXD,extrême-droite,MASCULIN,21881,21822.0,23.94,36.00
"74",EXG,extrême-gauche,FEMININ,504,484.0,0.54,0.82
"74",EXG,extrême-gauche,MASCULIN,460,512.5,0.48,0.69
"74",UG,gauche,FEMININ,16656,16655.5,16.55,25.10
"74",UG,gauche,MASCULIN,15467,15307.5,16.31,24.15
"75",DVC,centre,FEMININ,312,269.5,0.43,0.60
"75",DVC,centre,MASCULIN,1179,490.0,1.55,2.11
"75",ENS,centre,FEMININ,15118,15554.5,20.26,27.98
"75",ENS,centre,MASCULIN,18245,17653.0,23.55,32.26
"75",DIV,divers,FEMININ,312,312.0,0.44,0.63
"75",DIV,divers,MASCULIN,111,44.0,0.14,0.20
"75",REG,divers,FEMININ,130,89.0,0.17,0.23
"75",REG,divers,MASCULIN,19,19.0,0.02,0.03
"75",DVD,droite,FEMININ,1852,1495.0,2.52,3.42
"75",DVD,droite,MASCULIN,3992,2586.5,5.33,7.36
"75",LR,droite,FEMININ,2460,2375.0,3.19,4.51
"75",LR,droite,MASCULIN,4073,3110.0,5.36,7.33
"75",DSV,extrême-droite,FEMININ,3,1.0,0.00,0.00
"75",DSV,extrême-droite,MASCULIN,1,1.0,0.00,0.00
"75",EXD,extrême-droite,FEMININ,85,85.0,0.11,0.15
"75",EXD,extrême-droite,MASCULIN,55,55.0,0.08,0.11
"75",REC,extrême-droite,FEMININ,622,572.5,0.83,1.14
"75",REC,extrême-droite,MASCULIN,827,756.0,1.08,1.49
"75",RN,extrême-droite,FEMININ,5304,4969.0,6.97,9.67
"75",UXD,extrême-droite,MASCULIN,8680,8227.0,11.56,15.84
"75",EXG,extrême-gauche,FEMININ,166,172.0,0.22,0.30
"75",EXG,extrême-gauche,MASCULIN,121,56.5,0.17,0.24
"75",DVG,gauche,FEMININ,4041,99.0,5.10,7.33
"75",DVG,gauche,MASCULIN,205,55.5,0.28,0.38
"75",ECO,gauche,FEMININ,682,694.5,0.89,1.20
"75",ECO,gauche,MASCULIN,783,578.0,1.06,1.52
"75",UG,gauche,FEMININ,23044,24318.0,30.66,43.15
"75",UG,gauche,MASCULIN,23745,25757.5,31.03,42.03
"76",DVC,centre,FEMININ,392,392.0,0.41,0.61
"76",DVC,centre,MASCULIN,122,122.0,0.18,0.27
"76",ENS,centre,FEMININ,18996,18996.0,19.83,27.73
"76",ENS,centre,MASCULIN,12456,12456.0,18.70,27.62
"76",HOR,centre,FEMININ,15404,19734.0,17.67,26.90
"76",HOR,centre,MASCULIN,13710,13689.5,15.06,23.46
"76",DIV,divers,MASCULIN,3,3.0,0.00,0.01
"76",DVD,droite,MASCULIN,3817,2757.0,4.43,6.73
"76",LR,droite,MASCULIN,5770,4459.0,5.81,8.69
"76",DSV,extrême-droite,FEMININ,604,603.5,0.67,0.96
"76",DSV,extrême-droite,MASCULIN,929,928.5,0.91,1.34
"76",REC,extrême-droite,FEMININ,645,644.5,0.75,1.19
"76",REC,extrême-droite,MASCULIN,726,643.0,0.78,1.17
"76",RN,extrême-droite,FEMININ,15851,14207.5,19.70,30.49
"76",RN,extrême-droite,MASCULIN,25153,27467.0,25.86,39.04
"76",EXG,extrême-gauche,FEMININ,410,454.0,0.62,0.98
"76",EXG,extrême-gauche,MASCULIN,915,920.0,0.99,1.50
"76",DVG,gauche,FEMININ,647,646.5,0.76,1.14
"76",DVG,gauche,MASCULIN,56,55.5,0.09,0.13
"76",UG,gauche,FEMININ,16358,16773.0,20.39,31.06
"76",UG,gauche,MASCULIN,18876,18876.5,21.57,33.54
"77",DVC,centre,FEMININ,1872,1872.0,2.10,3.31
"77",DVC,centre,MASCULIN,3345,3345.0,3.75,5.92
"77",ENS,centre,FEMININ,10761,12023.0,13.54,21.70
"77",ENS,centre,MASCULIN,16832,18047.0,18.89,29.24
"77",UDI,centre,FEMININ,3,3.0,0.00,0.01
"77",UDI,centre,MASCULIN,4252,4252.0,5.97,9.79
"77",DIV,divers,MASCULIN,220,220.0,0.26,0.40
"77",REG,divers,FEMININ,958,958.0,1.13,1.78
"77",REG,divers,MASCULIN,775,775.0,0.88,1.39
"77",DVD,droite,MASCULIN,7443,7868.0,9.79,15.91
"77",LR,droite,FEMININ,16060,16060.0,18.11,28.01
"77",LR,droite,MASCULIN,10818,10818.0,13.66,21.42
"77",DSV,extrême-droite,FEMININ,137,5.5,0.16,0.26
"77",REC,extrême-droite,FEMININ,794,794.0,1.11,1.80
"77",REC,extrême-droite,MASCULIN,774,763.0,0.89,1.38
"77",RN,extrême-droite,FEMININ,17830,18887.0,20.66,32.44
"77",RN,extrême-droite,MASCULIN,22084,19781.0,25.98,40.42
"77",UXD,extrême-droite,MASCULIN,19181,19181.0,23.46,37.36
"77",EXG,extrême-gauche,FEMININ,677,587.0,0.86,1.35
"77",EXG,extrême-gauche,MASCULIN,867,822.0,1.01,1.60
"77",DVG,gauche,MASCULIN,234,234.0,0.33,0.53
"77",ECO,gauche,MASCULIN,1051,1051.0,1.31,1.95
"77",UG,gauche,FEMININ,15274,14907.5,18.02,28.22
"77",UG,gauche,MASCULIN,18710,21643.0,23.37,37.57
"78",DVC,centre,FEMININ,686,686.0,0.90,1.28
"78",ENS,centre,FEMININ,21009,21567.5,25.70,36.63
"78",ENS,centre,MASCULIN,16624,20235.0,20.22,28.96
"78",UDI,centre,MASCULIN,8172,8172.0,11.46,17.48
"78",DIV,divers,FEMININ,1128,1128.0,1.54,2.45
"78",DIV,divers,MASCULIN,144,147.0,0.18,0.26
"78",DVD,droite,MASCULIN,5963,5563.0,7.32,10.65
"78",LR,droite,FEMININ,5383,5383.0,6.66,9.28
"78",LR,droite,MASCULIN,7215,7562.0,8.52,11.95
"78",DSV,extrême-droite,FEMININ,533,533.0,0.69,1.01
"78",DSV,extrême-droite,MASCULIN,166,166.0,0.24,0.35
"78",REC,extrême-droite,FEMININ,951,851.5,1.22,1.77
"78",REC,extrême-droite,MASCULIN,723,847.5,0.85,1.19
"78",RN,extrême-droite,FEMININ,10903,10781.0,14.12,20.54
"78",RN,extrême-droite,MASCULIN,16204,14076.0,19.08,28.07
"78",UXD,extrême-droite,FEMININ,13987,13987.0,17.14,25.79
"78",UXD,extrême-droite,MASCULIN,12662,12662.0,15.39,21.39
"78",EXG,extrême-gauche,FEMININ,376,421.0,0.44,0.60
"78",EXG,extrême-gauche,MASCULIN,447,498.0,0.56,0.83
"78",DVG,gauche,MASCULIN,227,226.5,0.31,0.45
"78",ECO,gauche,FEMININ,1141,1141.0,1.23,1.71
"78",ECO,gauche,MASCULIN,1709,1679.0,2.02,2.93
"78",RDG,gauche,MASCULIN,2260,2260.0,2.44,3.39
"78",UG,gauche,FEMININ,16362,16340.0,19.28,27.54
"78",UG,gauche,MASCULIN,16763,16203.0,21.34,31.52
"79",DVC,centre,MASCULIN,25247,25247.0,27.52,40.24
"79",ENS,centre,MASCULIN,13923,13923.0,15.52,23.56
"79",LR,droite,FEMININ,6107,6107.0,6.23,9.26
"79",LR,droite,MASCULIN,7491,7491.0,8.78,13.48
"79",REC,extrême-droite,FEMININ,773,773.0,0.84,1.23
"79",REC,extrême-droite,MASCULIN,760,760.0,0.78,1.15
"79",RN,extrême-droite,FEMININ,18974,18973.5,19.90,29.37
"79",UXD,extrême-droite,MASCULIN,19585,19585.0,22.96,35.23
"79",EXG,extrême-gauche,FEMININ,682,681.5,0.77,1.16
"79",EXG,extrême-gauche,MASCULIN,607,607.0,0.62,0.92
"79",DVG,gauche,MASCULIN,0,0.0,0.00,0.00
"79",ECO,gauche,FEMININ,25435,25435.0,25.94,38.57
"79",UG,gauche,FEMININ,15552,15552.0,17.39,25.87
"80",DVC,centre,FEMININ,1589,1589.0,2.05,3.09
"80",DVC,centre,MASCULIN,1300,1096.0,1.66,2.51
"80",ENS,centre,FEMININ,11933,11933.0,14.36,22.68
"80",ENS,centre,MASCULIN,9329,10413.5,11.53,17.36
"80",LR,droite,FEMININ,3865,3865.0,4.87,7.44
"80",LR,droite,MASCULIN,11604,11604.0,13.98,20.59
"80",DSV,extrême-droite,MASCULIN,131,130.5,0.16,0.24
"80",REC,extrême-droite,FEMININ,484,410.0,0.60,0.91
"80",RN,extrême-droite,FEMININ,25347,25347.0,30.92,48.34
"80",RN,extrême-droite,MASCULIN,23326,27277.0,28.37,41.99
"80",EXG,extrême-gauche,FEMININ,1000,1000.0,1.23,1.91
"80",EXG,extrême-gauche,MASCULIN,648,621.0,0.79,1.19
"80",UG,gauche,FEMININ,10628,9789.0,13.22,19.90
"80",UG,gauche,MASCULIN,13118,13117.5,15.85,24.48
"81",DVC,centre,MASCULIN,17352,17352.0,20.33,29.52
"81",ENS,centre,MASCULIN,18686,18685.5,17.44,25.15
"81",REG,divers,FEMININ,965,965.0,0.92,1.32
"81",REG,divers,MASCULIN,1058,1058.0,0.96,1.39
"81",LR,droite,MASCULIN,4082,4082.0,3.70,5.37
"81",DSV,extrême-droite,MASCULIN,95,95.0,0.09,0.13
"81",REC,extrême-droite,MASCULIN,879,879.0,0.90,1.31
"81",RN,extrême-droite,MASCULIN,26044,26043.5,26.69,38.74
"81",UXD,extrême-droite,MASCULIN,31748,31748.0,30.30,43.51
"81",EXG,extrême-gauche,FEMININ,767,767.0,0.73,1.05
"81",EXG,extrême-gauche,MASCULIN,540,539.5,0.56,0.82
"81",DVG,gauche,MASCULIN,178,178.0,0.21,0.30
"81",UG,gauche,FEMININ,20361,20360.5,20.67,30.00
"81",UG,gauche,MASCULIN,18525,18525.0,17.68,25.39
"82",DVC,centre,MASCULIN,439,439.0,0.47,0.69
"82",ENS,centre,FEMININ,9791,9791.0,10.48,15.49
"82",ENS,centre,MASCULIN,10335,10335.0,10.63,15.60
"82",DIV,divers,MASCULIN,769,769.0,0.82,1.22
"82",REG,divers,FEMININ,310,310.0,0.32,0.47
"82",RN,extrême-droite,FEMININ,32578,32578.0,33.52,49.17
"82",UXD,extrême-droite,FEMININ,27772,27772.0,29.73,43.93
"82",EXG,extrême-gauche,FEMININ,791,791.0,0.81,1.19
"82",EXG,extrême-gauche,MASCULIN,1178,1178.0,1.26,1.86
"82",RDG,gauche,FEMININ,9952,9952.0,10.24,15.02
"82",UG,gauche,FEMININ,17779,17778.5,18.78,27.68
"83",DVC,centre,MASCULIN,1870,1870.0,1.80,2.76
"83",ENS,centre,FEMININ,14670,13559.0,14.12,21.67
"83",ENS,centre,MASCULIN,13509,14270.0,14.98,23.15
"83",UDI,centre,MASCULIN,15451,15451.0,11.99,18.02
"83",DIV,divers,MASCULIN,203,202.5,0.22,0.34
"83",REG,divers,FEMININ,531,531.0,0.51,0.76
"83",REG,divers,MASCULIN,1968,1968.0,1.53,2.30
"83",LR,droite,FEMININ,5217,5216.5,5.06,7.74
"83",LR,droite,MASCULIN,6094,6117.0,5.41,8.17
"83",DSV,extrême-droite,FEMININ,71,71.0,0.07,0.10
"83",REC,extrême-droite,FEMININ,1461,1506.0,1.37,2.08
"83",REC,extrême-droite,MASCULIN,1171,1197.0,1.31,2.02
"83",RN,extrême-droite,FEMININ,32524,32523.5,33.31,51.16
"83",RN,extrême-droite,MASCULIN,34878,35590.5,32.68,50.04
"83",EXG,extrême-gauche,FEMININ,677,677.0,0.59,0.93
"83",EXG,extrême-gauche,MASCULIN,532,493.0,0.53,0.82
"83",ECO,gauche,FEMININ,1349,1169.0,1.31,2.00
"83",ECO,gauche,MASCULIN,1807,2037.0,1.76,2.70
"83",UG,gauche,FEMININ,12523,12502.5,11.57,17.65
"83",UG,gauche,MASCULIN,9316,9316.0,11.29,17.50
"84",ENS,centre,FEMININ,9480,9698.0,11.41,17.45
"84",ENS,centre,MASCULIN,11454,11454.0,13.48,20.29
"84",UDI,centre,MASCULIN,1893,1893.0,2.09,3.13
"84",DIV,divers,MASCULIN,84,84.0,0.10,0.14
"84",REG,divers,FEMININ,560,560.0,0.67,1.04
"84",LR,droite,FEMININ,4008,4008.0,4.63,6.91
"84",LR,droite,MASCULIN,2735,2984.5,3.30,5.04
"84",REC,extrême-droite,FEMININ,2125,2125.0,2.34,3.51
"84",REC,extrême-droite,MASCULIN,747,698.0,0.91,1.40
"84",RN,extrême-droite,FEMININ,24468,26041.0,28.79,43.87
"84",RN,extrême-droite,MASCULIN,28153,28153.0,35.48,53.51
"84",EXG,extrême-gauche,MASCULIN,545,573.0,0.66,1.01
"84",DVG,gauche,MASCULIN,8229,8229.0,11.12,18.27
"84",UG,gauche,FEMININ,12704,11887.0,14.97,22.50
"84",UG,gauche,MASCULIN,12788,12788.0,15.88,24.81
"85",DVC,centre,MASCULIN,10607,10607.0,8.79,13.07
"85",ENS,centre,FEMININ,30262,30262.0,26.53,38.74
"85",ENS,centre,MASCULIN,22206,21371.0,19.79,29.18
"85",DVD,droite,FEMININ,28086,28086.0,26.82,39.31
"85",DVD,droite,MASCULIN,8221,8221.0,6.01,8.72
"85",LR,droite,MASCULIN,2633,2633.0,3.13,4.68
"85",DSV,extrême-droite,FEMININ,1085,1085.0,0.96,1.42
"85",DSV,extrême-droite,MASCULIN,1436,1436.0,1.19,1.77
"85",EXD,extrême-droite,MASCULIN,1895,1895.0,1.38,2.01
"85",RN,extrême-droite,FEMININ,28538,28538.0,25.01,36.53
"85",RN,extrême-droite,MASCULIN,18827,18827.0,20.49,30.38
"85",UXD,extrême-droite,MASCULIN,29825,29825.0,23.07,33.88
"85",EXG,extrême-gauche,FEMININ,802,666.0,0.79,1.16
"85",EXG,extrême-gauche,MASCULIN,880,879.5,0.69,1.02
"85",UG,gauche,FEMININ,15853,15466.0,13.18,19.38
"85",UG,gauche,MASCULIN,14778,14777.5,14.73,21.73
"86",DVC,centre,MASCULIN,1263,1263.0,1.71,2.69
"86",ENS,centre,MASCULIN,16212,15076.0,21.42,31.83
"86",HOR,centre,FEMININ,15875,15875.0,19.59,28.85
"86",DVD,droite,MASCULIN,1658,1658.0,2.07,2.92
"86",DSV,extrême-droite,FEMININ,752,752.0,1.02,1.60
"86",RN,extrême-droite,FEMININ,16350,15918.0,21.03,31.46
"86",RN,extrême-droite,MASCULIN,19887,19887.0,27.46,40.82
"86",EXG,extrême-gauche,FEMININ,551,550.5,0.73,1.07
"86",EXG,extrême-gauche,MASCULIN,645,645.0,0.84,1.28
"86",DVG,gauche,MASCULIN,5061,5061.0,6.29,9.04
"86",ECO,gauche,FEMININ,417,417.0,0.58,0.86
"86",UG,gauche,FEMININ,15835,16254.0,20.25,29.50
"86",UG,gauche,MASCULIN,9901,9901.0,13.44,21.09
"87",DVC,centre,MASCULIN,14768,14768.0,18.14,26.65
"87",ENS,centre,FEMININ,16241,16240.5,17.87,25.72
"87",DSV,extrême-droite,FEMININ,1044,1044.0,1.28,1.88
"87",DSV,extrême-droite,MASCULIN,1066,1066.0,1.27,1.85
"87",RN,extrême-droite,FEMININ,22222,22221.5,24.25,34.85
"87",RN,extrême-droite,MASCULIN,19310,19310.0,23.72,34.85
"87",EXG,extrême-gauche,FEMININ,1047,1046.5,1.14,1.63
"87",EXG,extrême-gauche,MASCULIN,797,797.0,0.98,1.44
"87",UG,gauche,FEMININ,19494,19494.0,23.95,35.18
"87",UG,gauche,MASCULIN,23396,23395.5,25.65,36.89
"88",DVC,centre,FEMININ,519,519.0,0.81,1.21
"88",DVC,centre,MASCULIN,925,925.0,1.29,1.95
"88",ENS,centre,MASCULIN,14592,14592.0,20.30,30.84
"88",DVD,droite,MASCULIN,20926,20926.0,30.25,45.59
"88",LR,droite,FEMININ,1202,1202.0,1.67,2.54
"88",LR,droite,MASCULIN,13644,13644.0,21.28,31.91
"88",REC,extrême-droite,FEMININ,538,538.0,0.84,1.26
"88",RN,extrême-droite,FEMININ,14287,14287.0,22.55,33.43
"88",RN,extrême-droite,MASCULIN,20734,20529.0,29.53,44.78
"88",EXG,extrême-gauche,FEMININ,602,592.5,0.88,1.33
"88",ECO,gauche,MASCULIN,10,10.0,0.01,0.02
"88",UG,gauche,FEMININ,7984,7983.5,10.78,16.47
"88",UG,gauche,MASCULIN,7067,7067.0,11.09,16.53
"89",ENS,centre,FEMININ,9973,9973.0,11.12,17.51
"89",ENS,centre,MASCULIN,11354,11354.0,15.49,23.41
"89",DVD,droite,MASCULIN,2271,2271.0,2.53,3.99
"89",LR,droite,FEMININ,7303,7303.0,9.74,14.40
"89",DSV,extrême-droite,MASCULIN,895,895.0,1.24,1.90
"89",REC,extrême-droite,FEMININ,594,594.0,0.75,1.16
"89",REC,extrême-droite,MASCULIN,542,542.0,0.72,1.07
"89",RN,extrême-droite,MASCULIN,24611,24610.5,29.68,45.42
"89",UXD,extrême-droite,FEMININ,20997,20997.0,29.06,44.51
"89",EXG,extrême-gauche,FEMININ,601,608.0,0.77,1.18
"89",EXG,extrême-gauche,MASCULIN,350,350.0,0.39,0.61
"89",ECO,gauche,FEMININ,1019,1019.0,1.41,2.16
"89",UG,gauche,FEMININ,12851,12851.0,17.14,25.34
"89",UG,gauche,MASCULIN,11864,11863.5,14.47,22.51
"90",ENS,centre,FEMININ,4201,4201.0,8.96,13.27
"90",REG,divers,FEMININ,0,0.0,0.00,0.00
"90",LR,droite,MASCULIN,6551,6550.5,13.92,20.63
"90",DSV,extrême-droite,FEMININ,350,350.0,0.74,1.09
"90",RN,extrême-droite,FEMININ,12719,12719.0,26.75,39.73
"90",RN,extrême-droite,MASCULIN,11887,11887.0,25.60,37.86
"90",EXG,extrême-gauche,FEMININ,426,426.0,0.90,1.33
"90",EXG,extrême-gauche,MASCULIN,497,497.0,1.07,1.58
"90",UG,gauche,FEMININ,7233,7233.0,15.21,22.59
"90",UG,gauche,MASCULIN,8799,8799.0,18.95,28.02
"91",DVC,centre,MASCULIN,218,218.0,0.28,0.44
"91",ENS,centre,FEMININ,14411,13699.0,16.63,25.50
"91",ENS,centre,MASCULIN,16850,16362.0,21.02,30.82
"91",DIV,divers,FEMININ,941,283.0,0.99,1.47
"91",DIV,divers,MASCULIN,1694,419.0,2.34,3.88
"91",DVD,droite,MASCULIN,4270,2054.0,5.64,8.47
"91",LR,droite,FEMININ,8119,8119.0,9.74,14.50
"91",LR,droite,MASCULIN,2207,2207.0,3.51,5.84
"91",DSV,extrême-droite,MASCULIN,16288,16288.0,21.27,32.96
"91",REC,extrême-droite,FEMININ,732,627.0,0.94,1.43
"91",REC,extrême-droite,MASCULIN,893,925.0,0.96,1.45
"91",RN,extrême-droite,FEMININ,13907,11663.0,16.85,25.36
"91",RN,extrême-droite,MASCULIN,14197,12616.5,17.67,27.85
"91",UXD,extrême-droite,MASCULIN,21144,21144.0,21.23,31.03
"91",EXG,extrême-gauche,FEMININ,554,517.0,0.63,0.96
"91",EXG,extrême-gauche,MASCULIN,498,441.0,0.66,1.03
"91",DVG,gauche,FEMININ,14124,14124.0,16.95,25.23
"91",DVG,gauche,MASCULIN,380,380.0,0.55,0.75
"91",ECO,gauche,FEMININ,1291,1290.5,1.76,2.60
"91",ECO,gauche,MASCULIN,1053,1041.5,1.30,2.04
"91",UG,gauche,FEMININ,19136,19109.0,25.73,41.50
"91",UG,gauche,MASCULIN,18529,19107.0,22.65,34.00
"92",DVC,centre,FEMININ,268,227.0,0.39,0.56
"92",DVC,centre,MASCULIN,645,650.0,0.87,1.20
"92",ENS,centre,FEMININ,19469,18764.5,25.16,35.10
"92",ENS,centre,MASCULIN,21673,23634.0,28.13,39.10
"92",UDI,centre,FEMININ,891,891.0,1.15,1.63
"92",UDI,centre,MASCULIN,596,596.0,0.88,1.47
"92",DIV,divers,MASCULIN,233,109.0,0.30,0.43
"92",DVD,droite,MASCULIN,92,92.0,0.14,0.20
"92",LR,droite,FEMININ,5189,5947.0,7.50,10.49
"92",LR,droite,MASCULIN,16244,16488.5,19.79,27.27
"92",REC,extrême-droite,FEMININ,574,598.5,0.77,1.09
"92",REC,extrême-droite,MASCULIN,993,840.0,1.25,1.73
"92",RN,extrême-droite,FEMININ,7918,7979.0,10.49,14.99
"92",RN,extrême-droite,MASCULIN,10670,10669.5,11.63,15.96
"92",UXD,extrême-droite,FEMININ,7343,7343.0,9.84,13.73
"92",UXD,extrême-droite,MASCULIN,8622,8622.0,11.04,15.05
"92",EXG,extrême-gauche,FEMININ,339,358.0,0.43,0.63
"92",EXG,extrême-gauche,MASCULIN,311,320.5,0.40,0.57
"92",DVG,gauche,FEMININ,87,86.5,0.11,0.15
"92",DVG,gauche,MASCULIN,336,263.0,0.44,0.62
"92",ECO,gauche,FEMININ,1360,1359.5,1.60,2.29
"92",ECO,gauche,MASCULIN,970,797.0,1.17,1.63
"92",UG,gauche,FEMININ,18642,19728.5,25.15,36.43
"92",UG,gauche,MASCULIN,22110,24798.0,26.57,37.16
"93",DVC,centre,FEMININ,2581,2581.0,3.33,5.21
"93",DVC,centre,MASCULIN,3020,3019.5,3.88,6.05
"93",ENS,centre,FEMININ,4691,4893.0,6.60,11.11
"93",ENS,centre,MASCULIN,3978,3321.0,5.78,9.95
"93",UDI,centre,FEMININ,7010,7010.0,10.95,19.25
"93",DIV,divers,FEMININ,157,84.0,0.21,0.33
"93",DIV,divers,MASCULIN,145,90.0,0.21,0.38
"93",DVD,droite,FEMININ,409,408.5,0.63,1.16
"93",DVD,droite,MASCULIN,3087,3081.0,4.44,7.20
"93",LR,droite,MASCULIN,2670,1982.0,4.00,6.81
"93",EXD,extrême-droite,MASCULIN,86,86.0,0.14,0.22
"93",REC,extrême-droite,MASCULIN,520,546.0,0.80,1.32
"93",RN,extrême-droite,FEMININ,6088,6266.5,8.75,15.01
"93",RN,extrême-droite,MASCULIN,7464,7836.5,11.10,18.65
"93",EXG,extrême-gauche,FEMININ,345,366.0,0.51,0.88
"93",EXG,extrême-gauche,MASCULIN,344,273.0,0.52,0.90
"93",DVG,gauche,FEMININ,4389,4388.5,6.66,11.98
"93",DVG,gauche,MASCULIN,10959,10958.5,13.15,20.25
"93",ECO,gauche,FEMININ,606,606.0,0.93,1.60
"93",FI,gauche,MASCULIN,8462,8462.0,12.55,23.90
"93",UG,gauche,FEMININ,21353,20511.0,30.43,51.44
"93",UG,gauche,MASCULIN,20914,21351.5,31.96,54.78
"94",DVC,centre,FEMININ,647,768.5,0.81,1.25
"94",DVC,centre,MASCULIN,602,602.0,0.81,1.32
"94",ENS,centre,FEMININ,9181,8235.5,13.59,20.94
"94",ENS,centre,MASCULIN,14908,11232.0,18.10,26.86
"94",UDI,centre,MASCULIN,1167,1167.0,1.77,2.74
"94",DIV,divers,MASCULIN,204,204.0,0.31,0.47
"94",DVD,droite,MASCULIN,4516,1504.0,5.45,7.81
"94",LR,droite,MASCULIN,10762,8486.0,15.02,21.98
"94",DSV,extrême-droite,FEMININ,624,624.0,0.83,1.25
"94",DSV,extrême-droite,MASCULIN,315,315.0,0.42,0.69
"94",EXD,extrême-droite,FEMININ,89,88.5,0.15,0.23
"94",REC,extrême-droite,FEMININ,583,493.0,0.78,1.22
"94",REC,extrême-droite,MASCULIN,709,638.0,0.94,1.38
"94",RN,extrême-droite,FEMININ,8405,7377.5,11.10,16.65
"94",RN,extrême-droite,MASCULIN,9456,8598.0,13.22,19.89
"94",UXD,extrême-droite,MASCULIN,12491,12491.0,16.80,27.31
"94",EXG,extrême-gauche,FEMININ,344,319.0,0.49,0.75
"94",EXG,extrême-gauche,MASCULIN,340,354.5,0.43,0.67
"94",DVG,gauche,MASCULIN,293,293.0,0.39,0.59
"94",ECO,gauche,FEMININ,1512,1512.0,2.29,3.59
"94",ECO,gauche,MASCULIN,855,854.5,1.27,1.90
"94",UG,gauche,FEMININ,22530,23455.5,33.89,52.33
"94",UG,gauche,MASCULIN,19817,19974.0,24.55,36.47
"95",DVC,centre,FEMININ,451,451.0,0.81,1.51
"95",DVC,centre,MASCULIN,669,668.5,0.88,1.35
"95",ENS,centre,FEMININ,10822,12745.0,13.74,21.34
"95",ENS,centre,MASCULIN,11643,11642.5,15.75,24.24
"95",UDI,centre,MASCULIN,1604,1107.0,2.72,4.88
"95",DIV,divers,FEMININ,364,204.0,0.42,0.65
"95",DIV,divers,MASCULIN,252,36.5,0.32,0.49
"95",REG,divers,MASCULIN,1049,1049.0,1.38,2.12
"95",DVD,droite,MASCULIN,1961,1961.0,3.52,6.57
"95",LR,droite,FEMININ,4267,4249.0,5.43,8.37
"95",LR,droite,MASCULIN,3589,3341.0,4.83,7.70
"95",DSV,extrême-droite,FEMININ,166,6.0,0.25,0.39
"95",DSV,extrême-droite,MASCULIN,755,755.0,0.90,1.35
"95",REC,extrême-droite,FEMININ,591,574.0,0.87,1.43
"95",REC,extrême-droite,MASCULIN,608,606.0,0.74,1.16
"95",RN,extrême-droite,FEMININ,14238,14208.0,17.88,27.81
"95",RN,extrême-droite,MASCULIN,8563,7784.0,13.02,21.84
"95",UXD,extrême-droite,MASCULIN,13238,13238.0,17.36,26.22
"95",EXG,extrême-gauche,FEMININ,360,427.5,0.48,0.75
"95",EXG,extrême-gauche,MASCULIN,215,98.0,0.30,0.50
"95",DVG,gauche,FEMININ,0,0.0,0.00,0.00
"95",ECO,gauche,FEMININ,923,922.5,1.06,1.68
"95",ECO,gauche,MASCULIN,2132,2132.0,2.80,4.22
"95",UG,gauche,FEMININ,17774,17498.0,23.12,35.25
"95",UG,gauche,MASCULIN,18989,17386.0,26.30,43.22
"971",DVC,centre,FEMININ,4763,4763.0,6.93,21.86
"971",DVC,centre,MASCULIN,650,649.5,0.75,2.35
"971",DIV,divers,FEMININ,619,203.5,0.72,2.39
"971",DIV,divers,MASCULIN,418,241.0,0.48,1.58
"971",REG,divers,FEMININ,1583,1583.0,2.09,6.76
"971",REG,divers,MASCULIN,1703,1702.5,1.96,6.13
"971",DVD,droite,MASCULIN,2291,2291.0,2.58,8.68
"971",LR,droite,MASCULIN,197,197.0,0.26,0.84
"971",REC,extrême-droite,FEMININ,163,191.0,0.21,0.66
"971",RN,extrême-droite,FEMININ,2570,2570.0,3.74,11.79
"971",RN,extrême-droite,MASCULIN,4817,4563.0,5.67,17.60
"971",EXG,extrême-gauche,FEMININ,441,440.5,0.54,1.64
"971",EXG,extrême-gauche,MASCULIN,1396,1396.0,2.03,6.41
"971",DVG,gauche,FEMININ,2965,2965.0,3.91,12.65
"971",DVG,gauche,MASCULIN,5665,3381.0,6.82,21.57
"971",SOC,gauche,MASCULIN,6503,4361.0,8.93,27.83
"971",UG,gauche,MASCULIN,226,226.0,0.25,0.86
"972",UDI,centre,MASCULIN,2316,2316.0,2.74,9.50
"972",DIV,divers,MASCULIN,100,100.0,0.12,0.43
"972",REG,divers,FEMININ,1152,1152.0,1.61,5.50
"972",REG,divers,MASCULIN,9248,12017.0,11.57,39.24
"972",DVD,droite,MASCULIN,2391,1236.0,3.04,9.80
"972",RN,extrême-droite,MASCULIN,2255,2360.0,2.95,9.96
"972",EXG,extrême-gauche,FEMININ,363,363.0,0.60,2.04
"972",EXG,extrême-gauche,MASCULIN,665,665.0,0.83,2.87
"972",DVG,gauche,FEMININ,724,724.0,1.01,3.45
"972",DVG,gauche,MASCULIN,3647,2690.0,5.46,18.48
"972",ECO,gauche,FEMININ,599,599.0,0.71,2.46
"972",ECO,gauche,MASCULIN,1069,1068.5,1.29,4.45
"972",SOC,gauche,FEMININ,4489,4489.0,7.45,25.26
"973",DVC,centre,FEMININ,3516,3516.0,7.08,25.49
"973",DVC,centre,MASCULIN,1110,1110.0,2.24,8.05
"973",REG,divers,FEMININ,2158,2158.0,3.64,10.51
"973",REG,divers,MASCULIN,10601,10601.0,19.25,61.50
"973",DVD,droite,MASCULIN,3308,3308.0,5.58,16.10
"973",RN,extrême-droite,MASCULIN,1916,1916.0,3.23,9.33
"973",EXG,extrême-gauche,MASCULIN,269,269.0,0.54,1.95
"973",DVG,gauche,MASCULIN,429,429.0,0.83,2.80
"974",DVC,centre,FEMININ,3655,3655.0,4.03,10.51
"974",DVC,centre,MASCULIN,5832,5832.0,4.92,11.83
"974",ENS,centre,FEMININ,3667,3667.0,4.33,10.09
"974",DIV,divers,FEMININ,308,287.0,0.32,0.80
"974",DIV,divers,MASCULIN,1575,479.0,1.56,3.96
"974",REG,divers,MASCULIN,0,0.0,0.00,0.00
"974",DVD,droite,FEMININ,6963,6962.5,7.05,16.45
"974",DVD,droite,MASCULIN,3533,1688.0,3.28,7.29
"974",LR,droite,MASCULIN,5670,5670.0,6.40,13.67
"974",DSV,extrême-droite,FEMININ,347,347.0,0.30,0.68
"974",DSV,extrême-droite,MASCULIN,464,464.0,0.46,1.15
"974",EXD,extrême-droite,MASCULIN,2083,2083.0,2.11,4.92
"974",REC,extrême-droite,FEMININ,831,551.0,0.88,1.96
"974",REC,extrême-droite,MASCULIN,525,525.0,0.54,1.37
"974",RN,extrême-droite,FEMININ,9152,9151.5,9.96,24.12
"974",RN,extrême-droite,MASCULIN,12583,12853.0,12.37,28.47
"974",EXG,extrême-gauche,FEMININ,617,617.0,0.61,1.54
"974",EXG,extrême-gauche,MASCULIN,728,632.0,0.73,1.69
"974",DVG,gauche,FEMININ,7887,4204.0,7.35,16.35
"974",DVG,gauche,MASCULIN,7748,9579.5,8.49,20.40
"974",ECO,gauche,MASCULIN,2126,2126.0,2.40,5.13
"974",UG,gauche,FEMININ,19068,19068.0,18.74,47.72
"974",UG,gauche,MASCULIN,17019,17018.5,16.97,37.90
"976",DVC,centre,MASCULIN,3515,3515.0,6.71,15.70
"976",DIV,divers,MASCULIN,122,122.0,0.23,0.54
"976",DVD,droite,FEMININ,13640,13640.0,29.87,79.48
"976",DVD,droite,MASCULIN,1441,1441.0,3.10,8.15
"976",LR,droite,MASCULIN,6226,6226.0,11.87,27.80
"976",REC,extrême-droite,FEMININ,245,244.5,0.51,1.31
"976",RN,extrême-droite,FEMININ,7933,7933.0,15.13,35.42
"976",EXG,extrême-gauche,MASCULIN,684,684.0,1.50,3.99
"976",DVG,gauche,MASCULIN,552,552.0,1.05,2.46
